Building Name,Address,Broker,Broker Phone
Upside in Norwood Multifamily,"4206 Lafayette Ave, Norwood, OH, 45212","Patrick Reynolds, CCIM",859-484-7080 ext- 1
"34626 Royalton Rd Unit #1, Grafton, OH 44044","34626 Royalton Rd, Grafton, OH, 44044",Kevin Russell,440-554-3297
THE MILTON TOWNHOMES,"1421 E. 15th St., Cleveland, OH, 44114",Matthew King,216-452-9292
"41 SFR | Totaling 48 doors, Fully rented in Ohio.","3320 W 97th St, Cleveland, OH, 44102",Bryant Hoover,310-774-2163
449 E Mound Street,"449 E Mound Street, Columbus, OH, 43215",Doug Smith,614-869-7139
Storage of America,"2800 Shiloh Springs Rd, Trotwood, OH, 45426",Meir Perlmuter,862-591-7070
18-Unit Apt Building Near Shaker Square - 8 CAP,"14520 Milverton Rd, Cleveland, OH, 44120",Tal Tamir,216-870-8687
Victorian Village,"16-24 Buttles Ave, Columbus, OH, 43215",Matthew Tarshis,847-542-9058
17th St Self Storage Facility,"2200 17th st SE, Canton, OH, 44730",Megan Eckstein,330-605-4302
6603 Hasler Lane,"6603 Hasler Ln, Cincinnati, OH, 45216",Brian Jackson,513-620-5968
Springfield Storage,"2900 E Main St, Springfield, OH, 45503",Evan DeCiantis,248-953-5600
11809 Union Ave,"11809 Union Ave, Cleveland, OH, 44105",Michael Azzam,440-503-9609
16 Unit Value Add Multifamily,"17623 Lakeshore Blvd, Cleveland, OH, 44119",Justin Campbell,216-801-3599
Parkwood Apartments,"884 Parkwood Dr, Cleveland, OH, 44108",Chrissy Kovanda,216-317-3463
INSANE CASH FLOW 4 PLEX,"1573-1579 e cordell ave, Columbus, OH, 43211",Dylan Walker,614-302-5586
Safe and Secure Storage,"5423 N Waynesville Rd, Oregonia, OH, 45054",Joel Dumes,513-878-7720
17% CAP RATE TURN KEY 4 UNIT IN DAYTON,"111 E Norman Ave, Dayton, OH, 45405",Dylan Walker,614-302-5586
Scott Street Apartments,"300 Scott St NE, Warren, OH, 44483",Patrick Burgan,330-783-0055
Brookside Manor,"3308 Archwood Ave, Cleveland, OH, 44109",Garrett Moeller,216-255-5154
Lakeland Commons,"25450 Euclid Ave, Euclid, OH, 44117",Gregory B. West,216-861-5379
Ohio City Value-Add,"5201-5207 Lorain Avenue, Cleveland, OH, 44102",Kathleen Bassett,440-503-8867
8 UNIT APARTMENT BUILDING | 9.32% CAP RATE | PRIME LOCATION,"839 34th St. NW, Canton, OH, 44709",Anthony Takacs,440-567-8047
Napa Townhomes,"1789 Elaine Rd, Columbus, OH, 43227",Carter Stephens,631-704-2257
Burkhardt Valley Apartments | 35 Units | For Sale,"4644 Burkhardt Ave, Dayton, OH, 45431",Tryfon Christoforou,513-745-9333
2820 Collingwood Blvd,"2820 Collingwood Blvd, Toledo, OH, 43610",Stewart Beal,734-972-5460
BRIDAL DISTRICT 12-UNIT IN READING,"325 Pike St, Cincinnati, OH, 45215",Adam Curry,513-935-0021
Redevelopment Opportunity in Hillsboro - Five Lots & Storage,"337 N West St, Hillsboro, OH, 45133",Chip Carpenter,740-965-1208
A&B Storage,"2935 Crawford Wyandot County Line Rd, Nevada, OH, 44849",Jack Kaiser,732-742-9250
Village Store & Lock + Village Apartments,"5319 S Dixie Hwy, Cridersville, OH, 45806",Sean Delaney,630-570-2267
361 S Harris Avenue,"361 S Harris Avenue, Columbus, OH, 43204",Dylan Walker,614-302-5586
"Former ""The Ritz"" Building","705 6th St NW, Canton, OH, 44703",Joel Dutton,330-879-5000
576 E 152,"576 E 152nd St, Cleveland, OH, 44110",Jason Griffith,330-931-9418
Rare Avon Multifamily Mixed-Use Asset,"2521 Stoney Ridge Rd, Avon, OH, 44011",Justin Campbell,216-801-3599
"3212, 3222 Harry Lee Lane","3222 Harry Lee Ln, Cincinnati, OH, 45239",Stephen Turman,513-489-7000
Golf Crest Manor,"5510 Beavercrest Dr, Lorain, OH, 44053",Anthony Paradiso,419-680-6636
Gross Point Apartments,"121 E Erie Ave, Lorain, OH, 44052",Robert Cole Sr,440-241-5221
116th Apartments,"1578 W 116th St, Cleveland, OH, 44102",Nick Soeder,216-862-5616
Tiffin MHP & Stone Homes Self Storage,"1208 S Central Ave, Tiffin, OH, 44883",Wesley Peterson,520-225-0020
Used car dealer and Mechanic Shop,"123 Morse Rd, Columbus, OH, 43214",Fisal Ikhmayes,614-900-1000
Cleveland 25 Property Portfolio (30 Units),"2951 E 67th St, Cleveland, OH, 44127",Anthony Aviles,216-212-9219
Fairwood Court Apartments,"2691 E 116th St, Cleveland, OH, 44120",Justin Campbell,216-801-3599
LEGACY 2020 APARTMENTS - 2023 Fully Renovated,"2020 Front St, Cuyahoga Falls, OH, 44221",Brian Brockman,513-898-1551
5744 Southwyck Blvd,"5744 Southwyck Blvd, Toledo, OH, 43614",David Mrachko,216-214-1197
"402 Columbus Avenue, Sandusky, OH","402 Columbus Ave, Sandusky, OH, 44870","Henry ""Mac"" Lehrer, CCIM",419-357-4004
Lockdown Self Storage,"536 Monroe-Concord Rd, Troy, OH, 45373",Scott Kaster,937-673-4366
"32700 Center Ridge Road, North Ridgeville","32700 Center Ridge Rd, North Ridgeville, OH, 44039",Mike Petrigan,216-363-6435
Gettysburg Estates,"715 and 721 N Gettysburg Ave, Dayton, OH, 45417",J J Harrison,513-325-4403
Gypsy/Crumrine,"1514 Gypsy Ln, Youngstown, OH, 44505",Alan Friedkin,330-759-2383
7270-7292 Broadwyn Drive,"7270-7292 Broadwyn Drive, Reynoldsburg, OH, 43068",Joey Parizek,614-378-4086
3250 E 49th St Cleveland OH 44127,"3250 E 49th St, Cleveland, OH, 44127",Katie Middendorf,330-697-5411
27 S Smithville Rd,"27 S Smithville Rd, Dayton, OH, 45431",Kal Mughrabi,937-914-0200
SAXON HOUSE APARTMENTS,"1647 S Cove Blvd, Toledo, OH, 43606",Dan Gehling,440-637-0191
Cleveland West 99 Property Package,"3181 W 38th St, Cleveland, OH, 44109",Ryan McCullough,216-527-6888
484-498 Forest Street,"484-498 Forest Street, Columbus, OH, 43206",Daniel Lim,614-425-4066
3000 S Smithville Rd,"3000 S Smithville Rd, Dayton, OH, 45420",Mike Wall,937-361-1279
620 E 185th,"620 E 185th St, Cleveland, OH, 44119",Stephanie Turner,216-256-6939
Self Storage Business,"5885 Haughn Rd, Grove City, OH, 43123",Randy Sokol,614-204-4904
10 Unit Apartment Building,"2980 S Moreland Blvd, Cleveland, OH, 44120",Justin Campbell,216-801-3599
4405 Aspen Dr,"4405 Aspen Dr, Austintown, OH, 44515",Don Thomas,501-269-3827
"11 S Ludlow St, Downtown Dayton, OH","11 S Ludlow St, Dayton, OH, 45402",Larissa Isenberg,803-403-6781
Blisswood Townhome Portfolio,"22650 Fox Ave, Euclid, OH, 44123",Noah Yoder,614-636-0114
980 Lafayette Rd,"980 Lafayette Rd, Medina, OH, 44256",Alan Hallock,330-722-3055
Detroit Rd-Westlake,"29655 Detroit Rd, Westlake, OH, 44145",Michael Pasadyn Jr,440-258-9126
The Hilliard Five,"14818 Hilliard Rd, Lakewood, OH, 44107",Justin Campbell,216-801-3599
3016 S Moreland,"3016 S Moreland Blvd, Cleveland, OH, 44120",Jose Salerno,440-637-3791
17105 Madison Ave,"17105 Madison Ave, Lakewood, OH, 44107",Mark Moskwa,440-454-0756
The Secor Building,"425 Jefferson Ave, Toledo, OH, 43604",Ryan Miller,419-794-3961
$1 Auction – 97K SF | Self-Storage Entitled,"705-711 Johnston St, Akron, OH, 44306",Philip Kates,305-206-1286
877-883 Gorge Boulevard,"887 Gorge Blvd, Akron, OH, 44310",Sam Tecca,330-722-5002
Rental Package 321 Slack Street,"321 Slack St, Steubenville, OH, 43952",Eli Ahmadov,754-251-0202
Broadway,"5462 Broadway Ave, Cleveland, OH, 44127",Michael Pasadyn Jr,440-258-9126
29 W 1st Ave,"29 W 1st Ave, Columbus, OH, 43201",Peter Merkle,614-629-5240
Shaker Hall Apartments,"12700 Shaker Blvd, Cleveland, OH, 44120",Nick Soeder,216-862-5616
South St Apartments,"394 E South St, Akron, OH, 44311",Jon Caiazza,330-309-4766
20-Unit Turn Key SFR Rental Portfolio - Cleveland,"1599 W 116th St, Cleveland, OH, 44102",Ryan McCullough,216-527-6888
5490 Glenway Ave,"5490 Glenway Ave, Cincinnati, OH, 45238",Nat Comisar,513-378-5801
Southfield Village Townhomes,"1132 E John St, Springfield, OH, 45505",Cody J. Carey,614-264-3510
2449 West McMicken & 2436 Halstead,"2436 Halstead St, Cincinnati, OH, 45214",John Dwyer,513-784-1776
159-166 Walnut Terrace,"159-166 Walnut Terrace, Akron, OH, 44303",Lisa Mazzola,330-673-3400
Crandell Park Apartments,"2830-2836 E 130th St, Cleveland, OH, 44120",Chrissy Kovanda,216-317-3463
7 House Rental Portfolio,"2 Whispering Dr., Dayton, Oh. 45426, Dayton, OH, 45426",James F Cannon,937-623-9888
Former Notre Dame College,"4545 College Rd, South Euclid, OH, 44121",Bob Biggar,216-839-2030
1330 Xenia Avenue,"1330 Xenia Avenue, Dayton, OH, 45410",Jennifer Wernert,614-255-5588
Former YMCA and Senior Care Facility,"140 S Crestline St, Crestline, OH, 44827",Joel Dutton,330-879-5000
2425-2429 West Broad Street,"2425-2429 West Broad Street, Columbus, OH, 43204",John Mally,614-629-5254
3731 Dunkirk St,"3731 Dunkirk St, Cincinnati, OH, 45220",Sheila Holmes Howard,513-543-2333
Arbor Park,"38th St NW, Canton, OH, 44709",Kristy Trentman,330-517-1217
8664 Yawberg Rd,"8664 Yawberg Rd, Whitehouse, OH, 43571",Steven Silverman,248-848-4089
18424 Lakeshore,"18424 Lakeshore Blvd, Cleveland, OH, 44119",John Ellis,216-849-6779
Morse Creek Commons,"4090 Cleveland Ave, Columbus, OH, 43224",Thomas Fortin,614-348-7876
Fredrick Street Apartments,"3023 Frederick St, Youngstown, OH, 44505",Alan Friedkin,330-759-2383
Hamilton Court Apartments,"4468 Reinbeau Dr, Columbus, OH, 43232",Thomas Fortin,614-348-7876
Columbus Scattered Site Portfolio,"3349 E Broad St, Columbus, OH, 43213",Peter Merkle,614-629-5240
Folkestone Apartments,"1017-1025 Folkestone Rd, Columbus, OH, 43220",Scott Street,614-538-8895
The Flats 28,"3012 Robertson Ave, Cincinnati, OH, 45209",Jordan Dickman,513-878-7735
1154 S High Street,"1154 S High Street, Columbus, OH, 43206",Victoria Rossi,614-871-0808
Motivated Seller! Erieview Plaza - Apt/Garage Conversion,"55 Erieview Plz, Cleveland, OH, 44114",Dan Lariccia,440-669-1109
Views of Mt Airy,"2992 High Forest Ln, Cincinnati, OH, 45223",Austin Sum,513-878-7747
"1861 Termainsville Rd, Toledo OH","1861 Tremainsville Road, Toledo, OH, 43613",John Healey,419-877-7777
Lock-N-Roll Storage,"201 Sycamore St, Brookville, OH, 45309",Evan DeCiantis,248-953-5600
Mt. Airy Investment Opportunity,"2513 Flanigan Ct, Cincinnati, OH, 45239",Adam Curry,513-935-0021
2423 Stelzer Road,"2423 Stelzer Road, Columbus, OH, 43219",Jean Whitaker-Gauerke,No Phone Number Available
Westside SFR Portfolio,"7212 Camden Ave, Cleveland, OH, 44102",Phil Rogers,440-572-3100
5832 N Meadows Boulevard,"5832 N Meadows Boulevard, Columbus, OH, 43229",Yair Swissa,614-362-4141
Professional Office Blding w/2 Rental Homes - Storage Units,"4268 Erie Ave SW, Navarre, OH, 44662",Joel Dutton,330-879-5000
COMPLETELY RENOVATED DUPLEX,"780 Seymour Ave, Columbus, OH, 43205",Antoine Matthews CCIM,614-348-7777
325 W Columbia Street,"325 W Columbia St, Springfield, OH, 45504",Al Fulk,937-360-6862
Riverview Apartments,"557 Riverview Dr, Columbus, OH, 43202",Alex Marsh,614-221-4286
Maple Ridge Townhomes,"1352 St Adalbert Ave, Dayton, OH, 45404",Conner Hardin,937-522-1462
617-629 Johnston Street,"617 Johnston St, Akron, OH, 44311","Jennifer Fernandez, CCIM, SIOR",330-940-9360
238 S Wayne Ave,"238 S Wayne Ave, Lockland, OH, 45215",Jonathan Hardy,513-888-1525
Turnkey Restaurant With Multifamily Units,"5379 St Clair Ave., Cleveland, OH, 44103",Cameron Callahan,216-232-4101
Glenmount Avenue,"2189-2211 Glenmount Ave, Akron, OH, 44319",James Haddox,330-573-3569
Former LMHA Headquarters,"1600-1604 Kansas Ave, Lorain, OH, 44052",Kevin Moss,216-363-6453
"Poland, OH Apartments","Massachusetts Ave, Poland, OH, 44514",Shea MacMillan,No Phone Number Available
Carolyn's Personalized Catering - 1460 WOODVILLE RD,"1460 Woodville Rd, Millbury, OH, 43447",Hunt Sears,419-250-2769
188 Acres in the Village of South Bloomfield,"13155 US-23, Ashville, OH, 43103",Chad Boggs,614-595-2752
4.02 Acre Outparcel at Costco Anchored Creekside Crossing,"7160 Frank Ave NW, North Canton, OH, 44720",Kevin Moss,216-363-6453
0 Central College Road,"0 Central College Road, New Albany, OH, 43054",Shawn Parker,614-783-2636
9684 Cilley Rd,"9684 Cilley Rd, Cleves, OH, 45002",Bill Keefer,513-562-2235
Bates Crossing Commercial Multifamily Land,"595 Center Street, Seville, OH, 44273","Jerry Fiume, SIOR, CCIM",234-231-0235
ATTICA TERRACE APARTMENTS,"201 N Woodwind Dr, Attica, OH, 44807",Drew Cerny,216-339-1618
Mickey's Rolling Thunder,"2362 S Canal St, Newton Falls, OH, 44444",Shea MacMillan,No Phone Number Available
"Former Big Lots Available 49,100 SF on 8.05 Acres","644 W Market St, Tiffin, OH, 44883",Kevin Moss,216-363-6453
9.98 AC For Sale - Former Hotel Redevelopment Opportunity,"3663 Park E Dr, Beachwood, OH, 44122",Kevin Moss,216-363-6453
5117-5129 Lewis Avenue,"5117-5129 Lewis Avenue, Toledo, OH, 43612",Rob Keleghan,419-249-6323
18-20 N. Market Street,"18 N Market St, Troy, OH, 45373",Amber Wenzler,937-520-8314
Retail Space with 3 Apartments,"108 S Main St, Cadiz, OH, 43907",Joel Dutton,330-879-5000
Fancy Meats,"139 E Warren St, Cadiz, OH, 43907",Joel Dutton,330-879-5000
Ranch to Table,"124 S Main St, Cadiz, OH, 43907",Joel Dutton,330-879-5000
1206 Brandywine Blvd- Suite E,"1206 Brandywine Blvd, Zanesville, OH, 43701",Roberta Lepi,740-455-3730
49 S Main Street,"49 S Main Street, Utica, OH, 43080",Michael Lane,614-457-0700
Mandarin Salon,"8629 Columbus Pike, Lewis Center, OH, 43035",Maya Joshi,845-300-3926
Established Booth Rental Salon,"Business Sale, Sylvania, OH, 43560",Kati McDougle,No Phone Number Available
The Jack,"982 S Front St, Columbus, OH, 43206",J R Kern,614-760-5660
Potential Duplex for Sale in Historic Downtown Lebanon Ohio,"17 W Silver St, Lebanon, OH, 45036",John M Bissman,513-800-0675
Saybrook Shores Townhomes,"6037 Lake Rd W, Ashtabula, OH, 44004",Clorice Dlugos,440-812-2542
BOROSKI AUTO BODY & REPAIR,"17399 Broadway Ave, Maple Heights, OH, 44137",Bill Balcer,216-346-2700
Legends Bar & Venue,"3801 Harrison Ave, Cheviot, OH, 45211",John Dwyer,513-784-1776
9520 Jacksontown Road,"9520 Jacksontown Rd, Thornville, OH, 43076",Jeff Headley,740-920-4588
506 Miller Avenue,"506 Miller Avenue, Columbus, OH, 43205",Nina Masseria,614-296-5784
Bellevue Flex Industrial,"1275 W Main St, Bellevue, OH, 44811",John Lubinski,330-958-7291
431-433 E 14th Avenue,"431-433 E 14th Avenue, Columbus, OH, 43201",Zeke Liston,614-665-5793
278 S Glenwood Avenue,"278 S Glenwood Avenue, Columbus, OH, 43223",Jeff Sheu,614-257-8076
146 E Main Street,"146 E Main Street, Plain City, OH, 43064",TJ Tripp,614-314-6948
2136-2152 Rockwell Ave,"2134 Rockwell Ave, Cleveland, OH, 44114",Cheng-Han Yu,216-861-5490
Investment Opportunity! Two Single Family Homes - One Parcel,"1855 Cherry Valley Rd, Newark, OH, 43055",Cyndi Layton,740-403-4470
"2 Story. 2,870 sf 5 Unit Apartment Building","45 S 5th St, Newark, OH, 43055",Cyndi Layton,740-403-4470
25-Unit Turn Key Rental Portfolio - Cleveland,"10310 Adelaide Ave, Cleveland, OH, 44111",Ryan McCullough,216-527-6888
10-Unit Turn Key SFR Rental Portfolio - Cleveland,"12109 Emery Ave, Cleveland, OH, 44135",Ryan McCullough,216-527-6888
Viva Maria Restaurant,"125 S. Main St., Ada, OH, 45810",Rebecca Neville,419-230-2250
Opportunity Zone Redevelopment | Mixed-Use Multi-Family,"907 W Broad St, Columbus, OH, 43222",Arthur Kaplan,646-494-4658
94 Nursery Lane,"94 Nursery Lane, Columbus, OH, 43206",Ginson Speich,614-312-0883
"594/2996,3000 Shook/kemble Street","594/2996,3000 Shook/kemble Street, Akron, OH, 44319",John Scaglione,330-618-0292
158-160 Belvidere Avenue,"158-160 Belvidere Avenue, Columbus, OH, 43223",Marc Rice,614-363-2787
W 73rd Street Apartments Turnkey Site Full Site Permit Ready,"1345 W 73rd St, Cleveland, OH, 44102",Jamie Dunford,440-823-1266
Ohio RNR,"31440 Deerfield Dr, Logan, OH, 43138",Amanda Myers,740-438-1947
45 S 5th Street,"45 S 5th Street, Newark, OH, 43055",Cynthia Layton,740-403-4470
"Lakehouse Inn Winery and Spa, Crosswinds Grille","5653 Lake Rd E, Geneva, OH, 44041",Clorice Dlugos,440-812-2542
696 Bank Street,"696 Bank Street, Columbus, OH, 43206",Ray Massa,614-329-4358
699 S Front Street,"699 S Front Street, Columbus, OH, 43206",Ray Massa,614-329-4358
241 E State,"241 E State St, Salem, OH, 44460",Theresa Morse,330-518-6082
0 Walker Lake Road,"0 Walker Lake Road, Ontario, OH, 44906",Chris Trease,419-564-4841
"2220 Superior Viaduct Cleveland, OH 44113","2220 Superior Viaduct, Cleveland, OH, 44113",Greg Erlanger,216-916-7778
3021 17th St Nw,"3021 17th St Nw, Canton, OH, 44708",Spencer Hartung,330-936-0276
1775 Stelzer Road,"1775 Stelzer Road, Columbus, OH, 43219",Rick Davis,740-400-9950
45.91 AC R-1 Zoned Land For Sale,"400 Center Rd, Austinburg, OH, 44010",Kevin Moss,216-363-6453
1656-1658 Forest Street,"1656-1658 Forest Street, Columbus, OH, 43206",Zeke Liston,614-665-5793
3050 Elm,"3050 Elm Rd NE, Warren, OH, 44483",Matthew Wilson,330-347-9677
314 Unit Multifamily Permitted Site,"Market Ave, Middletown, OH, 45005",Mark Langdon,937-684-9847
Historic Building in the Flats for Sale,"1700 Columbus Rd, Cleveland, OH, 44113",Bob Biggar,216-839-2030
Approximately 2.5 AC Development Site,"1250 N Canfield Niles Rd, Mineral Ridge, OH, 44440",Kevin Moss,216-363-6453
661 State Rd 38,"661 State Rd 38, London, OH, 43140",Timothy Weber,614-374-5600
Development Opportunity,"2000 Lockbourne Rd, Columbus, OH, 43207",THE CBUS AGENCY Messiva Amer-Yahia,740-972-8967
64-70 W Greenwood Avenue,"64-70 W Greenwood Avenue, Columbus, OH, 43201",Michael Linsker,216-513-2335
Harrison Avenue Multi-Family,"5843 Harrison Ave, Cincinnati, OH, 45248",Mark Langdon,937-684-9847
KVB Properties - Investment Portfolio,"Canton OH, Canton, OH, 44705",John Lubinski,330-958-7291
South Lane,"464 South Ln, Columbus, OH, 43206",Priyanshu Adathakkar,614-450-2510
502 Wayne Ave,"502 Wayne Ave, Dayton, OH, 45410",Nick Miller-Jacobson,937-222-1600
17795 Coshocton Road,"17795 Coshocton Road, Mount Vernon, OH, 43050",Benton Benalcazar,614-206-5861
20+ AC Local Retail Zoned Development Site,"11633 Avon Belden Rd, Grafton, OH, 44044",Kevin Moss,216-363-6453
Birdtown Seven on Robin,"2066 Robin St, Lakewood, OH, 44107",Justin Campbell,216-801-3599
Hampton Tudor Square Apartments,"2899 Hampton Rd, Cleveland, OH, 44120",Justin Campbell,216-801-3599
208-214 Main St,"208-214 Main St, Toronto, OH, 43964",Joseph Luckino,740-632-9111
Twin Oakes - 12 Unit Multifamily Portfolio Sale,"4669 17th St NW, Canton, OH, 44708",Spencer Hartung,330-936-0276
Ten X Auction April 21st - 23rd 3 Buildings in Cleveland,"1720-1736 Columbus Rd, Cleveland, OH, 44113",Joseph Khouri,440-823-2316
Lansing Ave,"6508 Lansing Ave, Cleveland, OH, 44105",Michael Pasadyn Jr,440-258-9126
1225 N Scott Street,"1225 & 1227 N Scott Street, Napoleon, OH, 43545",David Mrachko,216-214-1197
Ram Tuff Muffler,"834 Youngstown-Poland Rd, Struthers, OH, 44471",Don Thomas,501-269-3827
Viaduct Landings,"2206 Superior Viaduct, Cleveland, OH, 44113",David Mrachko,216-214-1197
4949 North Union Road,"4949 N Union Rd, Trotwood, OH, 45426",Bethany Yost,937-979-7419
2.16 AC Signalized Intersection Development Site,"6338 Broadview Rd, Parma, OH, 44134",Kevin Moss,216-363-6453
4235 Wilmington Pike,"4235 Wilmington Pike, Dayton, OH, 45440",Bob Caperna,937-470-0046
INVESTMENT OPPORTUNITY!,"602 E Town St, Columbus, OH, 43215",Alex Marsh,614-221-4286
0 Bally Row Lot #22929,"0 Bally Row, Mansfield, OH, 44906",DeLena Ciamacco,614-580-6775
1531 Tremont Street,"1531 Tremont St, Cincinnati, OH, 45214",Clint Bradley,859-442-6800
"1066 Lost Nation Road, Willoughby, OH, 44094","1066 Lost Nation Road, Willoughby, OH, 44094",Robin Brower,440-862-0352
22 Acres across from Hollywood Casino,"648 S Canfield-Niles Rd, Austintown, OH, 44515",John Lubinski,330-958-7291
Euclid Hastings,"15632 Euclid Ave, East Cleveland, OH, 44112",Jason Griffith,330-931-9418
Hutch Pet Shop Corner,"103 Lake St, Kent, OH, 44240",Ryan Poland,330-931-1403
Downtown Gateway Redevelopment Project,"117- 141 South Main Street, Oberlin, OH, 44074",Chris Seelig,216-239-5073
Parkside Drive & State Rte. 741,"Parkside Drive & State Rte. 741, Mason, OH, 45040",Stewart Devitt,513-588-1115
6309 & 6323 W Bancroft St,"6309 & 6323 W Bancroft St, Toledo, OH, 43615",John Healey,419-877-7777
10151 Maumee Western Road,"10151 Maumee Western Rd, Monclova, OH, 43542",Megan Malczewski,419-215-1008
4172-4174-4178 Rocky River Drive,"4172-4174-4178 Rocky River Drive, Cleveland, OH, 44135",Neil Sawicki,440-255-5552
West Road & Dunridge Road,"Dunbridge Rd, Bowling Green, OH, 43402",Mike Howard,419-290-0561
56-Unit Apartment Complex & 35-Unit Storage Facility,"300 Lincoln St SW, Hartville, OH, 44632",Richard T. Kiko Jr,330-455-9357
909-915 WILSON AVE,"909 Wilson Ave, Columbus, OH, 43206",Joey Miller,614-812-0369
8 Unit Apartment - Jewett Ohio,"126 Main St, Jewett, OH, 43986",Megan Eckstein,330-605-4302
Hooks Chicken and Fish,"4 N Miami St, Trenton, OH, 45067",Fisal Ikhmayes,614-900-1000
"Fox's Pizza Den - Marion, OH","546 N Main St, Marion, OH, 43302",Emily Stephen,614-787-0701
2822-2824 E 5th Avenue,"2822-2824 E 5th Avenue, Columbus, OH, 43219",Zeke Liston,614-665-5793
2532 Mink St NW,"2532 Mink St, Johnstown, OH, 43031",Seth Asman,614-747-2052
3895 Kirkwood Rd,"3895 Kirkwood Rd, Cleveland Heights, OH, 44121",Michael Azzam,440-503-9609
1893 Country Church AirBnB,"3375 Cannelville Rd, Roseville, OH, 43777",Bob Waun,248-722-9286
11501 Governor Ave,"11501 Governor Ave, Cleveland, OH, 44111",Michael Azzam,440-503-9609
1576-1578 Arlington Avenue,"1576-1578 Arlington Avenue, Columbus, OH, 43211",Marc Rice,614-363-2787
563 S Dawson Avenue,"563 S Dawson Avenue, Columbus, OH, 43209",Owen Heisey,614-397-0141
2905 Alms,"2904 Alms Pl, Cincinnati, OH, 45206","Shawn Gilreath, MAI",513-312-9008
Country Porch Winery,"2282 Wilson Sharpsville Rd, Cortland, OH, 44410",Alan Friedkin,330-759-2383
Former YMCA SRO,"136 S West St, Lima, OH, 45801",Tim Stanford,419-222-3040
Outskirts,"2412 Cable Ct, Lima, OH, 45805",Joe Guagenti,419-230-5050
977 Bryden Road,"977 Bryden Road, Columbus, OH, 43205",Nina Masseria,614-296-5784
"438-440 E 15th Avenue Columbus, OH 43201","438-440 E 15th Avenue, Columbus, OH, 43201",Joseph Jackson,614-431-1220
438 E 15th Avenue,"438 E 15th Avenue, Columbus, OH, 43201",Joseph Jackson,614-431-1220
MODERN TINY LIVING,"Columbus, Ohio, Columbus, OH, 43201",THE CBUS AGENCY Messiva Amer-Yahia,740-972-8967
"8062 Orange Centre Dive, Lewis Center, Ohio 43035","8062 Orange Centre Dr, Lewis Center, OH, 43035",Randy Best,614-559-3350
Sandusky Landmark | 237 Washington Row,"237 W Washington Row, Sandusky, OH, 44870","Henry ""Mac"" Lehrer, CCIM",419-357-4004
2730 Sullivant Avenue,"2730 Sullivant Avenue, Columbus, OH, 43204",Zeke Liston,614-665-5793
69-71 E 1st Avenue,"69-71 E 1st Avenue, Columbus, OH, 43201",Zeke Liston,614-665-5793
Stygies Tavern,"77 N Stygler Rd, Gahanna, OH, 43230",Emily Stephen,614-787-0701
99 N Main St,"99 N Main St, Swanton, OH, 43558",Kevin Carr,419-705-3662
Olympic Reserve,"2008 Gold Medal Drive, Springfield, OH, 45503",Carter Stephens,631-704-2257
Mercantile,"309 S 4th St, Columbus, OH, 43215",Carter Stephens,631-704-2257
Fox Medical Office,"464 Richmond Road, Richmond Heights, OH, 44143",Robin Brower,440-862-0352
9829 Eagle Dr,"9829 Eagle Dr, Huntsville, OH, 43324",Jason & Cari Jo Parham,254-217-0243
34-36 Midland Avenue,"34-36 Midland Avenue, Columbus, OH, 43223",Zeke Liston,614-665-5793
Mixed-Use Building | Heart of Coventry Village,"2800 Mayfield, Cleveland Heights, OH, 44118",Tal Tamir,216-870-8687
715 W Chestnut St,"715 W Chestnut St, Oxford, OH, 45056",Ken Thacker,513-524-2221
14 S Poplar St,"14 S Poplar St, Oxford, OH, 45056",Ken Thacker,513-524-2221
960 S Ohio Avenue,"960 S Ohio Avenue, Columbus, OH, 43206",Elizabeth Greulich,No Phone Number Available
Brewery District Portfolio: Development/Redevelopment,"781 S Front St, Columbus, OH, 43206",Michael Linsker,216-513-2335
87-89 Warren Street,"87-89 Warren Street, Columbus, OH, 43215",Christopher Davis,614-846-3302
4039 State Route 14,"4039 OH-14, Rootstown, OH, 44272",Ryan Poland,330-931-1403
Mayfield Apartments,"2646 Mayfield Rd, Cleveland Heights, OH, 44106",Nick Soeder,216-862-5616
1865 Agler Road,"1865 Agler Road, Columbus, OH, 43224",Marc Rice,614-363-2787
1249-1251 E 15th Avenue,"1249-1251 E 15th Avenue, Columbus, OH, 43211",Marc Rice,614-363-2787
127 Penn,"127 Penn Ave, Salem, OH, 44460",Theresa Morse,330-518-6082
415 Nace Avenue,"415 Nace Avenue, Columbus, OH, 43223",Zeke Liston,614-665-5793
1837 Sullivant Avenue,"1837 Sullivant Avenue, Columbus, OH, 43223",Zeke Liston,614-665-5793
818 Reedy St,"818 Reedy St, Cincinnati, OH, 45202",John Dwyer,513-784-1776
1.08 AC - 30.6 AC Development Site,"5977 N Ridge Rd, Madison, OH, 44057",Kevin Moss,216-363-6453
6-Unit Turnkey Portfolio Cleveland 44109,"4464 W 28th St, Cleveland, OH, 44109",David Best,216-214-3813
1877-1879 S Bruck Street,"1877-1879 S Bruck Street, Columbus, OH, 43207",Remington Lyman,614-541-8475
Mt Lookout Square,"3160 Linwood Ave, Cincinnati, OH, 45208",Chris Nachtrab,513-604-1899
Walnut/E. McMicken - OTR Portfolio,"100 E McMicken Ave, Cincinnati, OH, 45202",Kristina Skurow,No Phone Number Available
CATL G-PACK Battery Modules 50% Off Market Price,"e broad st columbus oh, Columbus, OH, 43215",Vasilios Bill Michailidis,786-338-5536
Venetian Court (562 Glenwood),"562 Glenwood Ave, Cincinnati, OH, 45229",Alden Simms,No Phone Number Available
387 Front St,"387 Front St, Berea, OH, 44017",Michael Guggenheim,216-342-3680
Springfield 7 property Portfolio,"713 W Jefferson St, Springfield, OH, 45506",Todd Pultz,937-478-6858
2006 Alvin St,"2006 Alvin St, Cincinnati, OH, 45219",Jonathan Hardy,513-888-1525
78-80 Stevens Avenue,"78-80 Stevens Ave, Columbus, OH, 43222",Remington Lyman,614-541-8475
"Turnkey Restaurant For Sale- Wild Wild Wings | Toledo, OH","4900 Jackman Road, Suite 3, Toledo, OH, 43613",Patrick West,734-344-2317
23 Unit Section 8 SFR Portfolio in Cleveland OH,"1527 W 102nd St, Cleveland, OH, 44102",Ryan McCullough,216-527-6888
NEW MILLENNIUM STUDIO,"11601 Euclid Avenue, Cleveland, OH, 44106",Akil Hameed,216-926-5644
1361-1363 E 18th Avenue,"1361-1363 E 18th Avenue, Columbus, OH, 43211",Zeke Liston,614-665-5793
217 W 2nd Avenue,"217 W 2nd Avenue, Columbus, OH, 43201",Jason Rowland,614-778-3645
90 E Lincoln Street,"90 E Lincoln Street, Columbus, OH, 43215",Jason Rowland,614-778-3645
3074 Howey Road,"3074 Howey Road, Columbus, OH, 43224",Elizabeth Greulich,No Phone Number Available
16-20 W Park Street,"16-20 W Park Street, Westerville, OH, 43081",Zeke Liston,614-665-5793
317-319 Chittenden Avenue,"317-319 Chittenden Avenue, Columbus, OH, 43201",Joseph Jackson,614-431-1220
1701 Lexington Avenue,"1701 Lexington Ave, Springfield, OH, 45505",Al Fulk,937-360-6862
"317-319 Chittenden Avenue Columbus, OH 43201","317-319 Chittenden Ave, Columbus, OH, 43201",Joseph Jackson,614-431-1220
6778 Waterloo Road,"6778 Waterloo Rd, Atwater, OH, 44201",Ryan Poland,330-931-1403
749-751 E Main Street,"749-751 E Main Street, Columbus, OH, 43205",Zeke Liston,614-665-5793
442-446 Courtland Lane,"442-446 Courtland Lane, Pickerington, OH, 43147",Kami Berkey,614-801-1095
601 City Park Avenue,"601 City Park Ave, Columbus, OH, 43206",Darrick Klamut,614-769-4085
118 E Main Pandora,"118 E Main St, Pandora, OH, 45877",Greg Butcher,419-222-3040
Mad River Farm Market,"7538 US-68, West Liberty, OH, 43357",Randy Sokol,614-204-4904
Cleveland Heights Apartment Portfolio,"2450 Overlook Rd, Cleveland Heights, OH, 44106",David Leb,440-823-9623
"Multi family, Car lot, Business","5909 N Ridge Rd, Madison, OH, 44057",Jerry A Lesak CSD,440-487-2157
317-319 Hudson Avenue,"317-319 Hudson Avenue, Newark, OH, 43055",Carol Marr,740-616-5749
312 W Jefferson St,"312 W Jefferson St, New Carlisle, OH, 45344",Kal Mughrabi,937-914-0200
1030 Sherman Ave,"1030 Sherman Ave, Springfield, OH, 45503",Kal Mughrabi,937-914-0200
833 S Limestone St,"833 S Limestone St, Springfield, OH, 45505",Kal Mughrabi,937-914-0200
309-311 S Cypress Avenue,"309-311 S Cypress Avenue, Columbus, OH, 43223",John Houk,614-205-6384
Bayridge Condominium Portfolio,"31701 N Marginal Dr, Willowick, OH, 44095",Wes Purvis,216-245-5478
Blank canvas of a building! Too many uses to count,"160 Commerce St, Lockbourne, OH, 43137",Dylan Walker,614-302-5586
Commercial and/or Residential Home near Ohio River,"111 Main Street, Clarington, OH, 43915",Melissa Smithberger,740-213-4037
Self Storage Facility for Sale,"Scarbrough Dr, Piqua, OH, 45356",Scott Kaster,937-673-4366
1013 James Road,"1013 James Road, Columbus, OH, 43227",Remington Lyman,614-541-8475
1517 Knowlton St,"1517 Knowlton St, Cincinnati, OH, 45223",Zach Timon,513-633-9191
73-75 E Markison Avenue,"73-75 E Markison Avenue, Columbus, OH, 43207",Jonathan Lorenz,614-517-4590
"112-130 Erie St , Mixed use Re-Development in Downtown","112 Erie St S, Massillon, OH, 44646",Erin Thomas,440-670-2300
Miamisburg - Main Street Mixed-Use Building,"22 S Main St, Miamisburg, OH, 45342",Mark Langdon,937-684-9847
"8000 sq ft Multi-Use Building in Norwood, Ohio","3838 Montgomery Rd, Cincinnati, OH, 45212",John M Bissman,513-800-0675
Pickerington double/ Condos,"442 Courtland Ln, Pickerington, OH, 43147",Kami Berkey,614-801-1095
Riverside Valley Pike Auto Service Shop w/ Investment Home,"2941 Valley Pike, Dayton, OH, 45404",Mark Langdon,937-684-9847
Smoke/Vape Shop,"Tuttle Crossing Blvd, Dublin, OH, 43016",Maya Joshi,845-300-3926
Smoke/Vape Shop,"1345 Worthington Centre Dr, Columbus, OH, 43085",Maya Joshi,845-300-3926
Investment portfolio,"1085 1087 Sycamore Street, Columbus, OH, 43206",THE CBUS AGENCY Messiva Amer-Yahia,740-972-8967
699 S Front Street,"699 S Front Street, Columbus, OH, 43206",Ray Massa,614-329-4358
Euclid Hastings,"15632 Euclid Ave, East Cleveland, OH, 44112",Jason Griffith,330-931-9418
1438-1440 Hunter Avenue,"1438-1440 Hunter Avenue, Columbus, OH, 43201",Michael Linsker,216-513-2335
Pickerington double/ Condos,"442 Courtland Ln, Pickerington, OH, 43147",Kami Berkey,614-801-1095
Rental Package 321 Slack Street,"321 Slack St, Steubenville, OH, 43952",Eli Ahmadov,754-251-0202
Hooks Chicken and Fish,"4 N Miami St, Trenton, OH, 45067",Fisal Ikhmayes,614-900-1000
16400 Village,"16400 Village, Fredericktown, OH, 43019",Douglas J. Ryan,614-488-8334
0 Central College Road,"0 Central College Road, New Albany, OH, 43054",Shawn Parker,614-783-2636
"438-440 E 15th Avenue Columbus, OH 43201","438-440 E 15th Avenue, Columbus, OH, 43201",Joseph Jackson,614-431-1220
"Multi family, Car lot, Business","5909 N Ridge Rd, Madison, OH, 44057",Jerry A Lesak CSD,440-487-2157
1206 Brandywine Blvd- Suite E,"1206 Brandywine Blvd, Zanesville, OH, 43701",Roberta Lepi,740-455-3730
506 Miller Avenue,"506 Miller Avenue, Columbus, OH, 43205",Nina Masseria,614-296-5784
3731 Dunkirk St,"3731 Dunkirk St, Cincinnati, OH, 45220",Sheila Holmes Howard,513-543-2333
5697 Harrisburg Pike,"5697 Harrisburg Pike, Grove City, OH, 43123",Ray Massa,614-329-4358
Mickey's Rolling Thunder,"2362 S Canal St, Newton Falls, OH, 44444",Shea MacMillan,No Phone Number Available
389-391 Oak Street,"389-391 Oak Street, Marion, OH, 43302",JOAN ELFLEIN,614-989-7215
"1874 Marloes Ave, East Cleveland","1874 Marloes Ave, East Cleveland, OH, 44112",Dan Cameron,414-235-7646
Morse Creek Commons,"4090 Cleveland Ave, Columbus, OH, 43224",Thomas Fortin,614-348-7876
Maple Ridge Townhomes,"1352 St Adalbert Ave, Dayton, OH, 45404",Conner Hardin,937-522-1462
530-534 Executive Boulevard,"530-534 Executive Boulevard, Delaware, OH, 43015",Douglas Price,740-833-3241
Teakwood Court Apartments,"2294 Teakwood Drive, Columbus, OH, 43229",Thomas Fortin,614-348-7876
QuickBrite Car Wash,"2325 Nagel Rd, Avon, OH, 44011",Mclain O’Donnell,No Phone Number Available
20-Unit Multifamily Property | For Sale,"139 E Clifton Ave, Cincinnati, OH, 45202",Tryfon Christoforou,513-745-9333
38 Bed Recovery Center,"5000 Main Ave, Ashtabula, OH, 44004",John Ellis,216-849-6779
3636 Reading Road Apartment,"3636 Reading Rd, Cincinnati, OH, 45229",Ali Abdur-Rahman,513-549-5226
295 N State Street,"295 N State Street, Marion, OH, 43302",Christopher Shea,614-932-2000
6605 Hasler Lane,"6605 Hasler Ln, Cincinnati, OH, 45216",Brian Jackson,513-620-5968
Flex & Retail For Sale,"7589 OH-73, Wilmington, OH, 45177",Jim Reckers,513-265-1700
9505 Emahiser Road,"9505 Emahiser Road, Caledonia, OH, 43314",Cynthia M Phelps,740-389-5500
2098 US Highway 42 S,"2098 US-42, Delaware, OH, 43015",Jae Billiter,614-890-5000
"Tri-Plex (Bridgeport, OH)","800 Howard St, Bridgeport, OH, 43912",ANAND PATEL,304-215-0408
Restaurant/Apartments on Main Street,"707 Main St, Cincinnati, OH, 45202",Ali Abdur-Rahman,513-549-5226
2275 Stelzer Road,"2275 Stelzer Road, Columbus, OH, 43219",Ted Oatts,614-404-4300
82-84 Chittenden Avenue,"82-84 Chittenden Avenue, Columbus, OH, 43201",Luana Antoniuk,614-787-2321
Lakeland Tower,"25400 Euclid Ave, Euclid, OH, 44117",Gregory B. West,216-861-5379
16-20 W Park Street,"16-20 W Park Street, Westerville, OH, 43081",Zeke Liston,614-665-5793
Ohio City | SoLo,"3707 Chatham Ave, Cleveland, OH, 44113",James W Anderson,216-280-7983
617-629 Johnston Street,"617 Johnston St, Akron, OH, 44311","Jennifer Fernandez, CCIM, SIOR",330-940-9360
Morse Creek Crossing Apartments,"4090 Cleveland Ave, Columbus, OH, 43224",Thomas Fortin,614-348-7876
Single Family Rental Portfolio Across Four Ohio Counties,"29/31 Wyoming St, Newark, OH, 43055",Doug Wilson,614-206-3881
45 Property SFH Canton Ohio Portfolio,"300 Montrose Ave NW, Canton, OH, 44708",Scott Lowe,330-354-5766
1743 Lakefront Avenue,"1743 Lakefront Avenue, Cleveland, OH, 44112",Steven Wilson,248-294-7850
519 S Drexel Avenue,"519 S Drexel Avenue, Columbus, OH, 43209",Sheila Straub,614-239-0808
7106 Columbus Road,"7106 Columbus Road, Mount Vernon, OH, 43050",Melissa Wright,No Phone Number Available
1281 Sullivant Avenue,"1281 Sullivant Avenue, Columbus, OH, 43223",Ibrahim Al-Hejazin,614-774-9523
1544-1546 Granville Street,"1544-1546 Granville Street, Columbus, OH, 43203",Jim Ross,614-407-6819
Wildenwoods Dog Kennels,"1140 Weber Rd, Loveland, OH, 45140",Len Koogler,513-753-9660
1224 Huron Road,"1224 Huron Rd E, Cleveland, OH, 44115",Joe Zumpano,330-940-9360
1292 Atcheson Street,"1292 Atcheson Street, Columbus, OH, 43203",Don Payne,614-302-5586
0 Adena Trail Street,"0 Adena Trail Street, Circleville, OH, 43113",Mark Stoody,614-572-3432
1620 Nestling Drive,"1620 Nestling Drive, Columbus, OH, 43229",Eremela Haile,614-585-9020
1827 W Main Street,"1827 W Main Street, Springfield, OH, 45504",Cecilia Hill,937-284-0747
Red's Pizza Parlor,"381 Perry Street Fostoria, Ohio 44830, Fostoria, OH, 44830",Lisa Rutter,419-934-2674
712 -730 W Light St,"712 W Light St, Urbana, OH, 43078",Joey Miller,614-812-0369
4108 Larry Place,"4108 Larry Place, Columbus, OH, 43227",Corey Ludrowsky,419-601-1206
"11 S Ludlow St, Downtown Dayton, OH","11 S Ludlow St, Dayton, OH, 45402",Larissa Isenberg,803-403-6781
75 S Main Street,"75 S Main Street, Utica, OH, 43080",Jennifer Holtz,740-641-4677
735 Old McArthur Road,"735 Old McArthur Road, Logan, OH, 43138",Andrew Gelatt,614-600-8420
1818 Ashland Avenue,"1818 Ashland Avenue, Columbus, OH, 43212",Keli Fisher,740-277-9037
293 W Park Avenue,"293 W Park Avenue, Columbus, OH, 43223",Amy Vega,614-706-8028
2822-2824 E 5th Avenue,"2822-2824 E 5th Avenue, Columbus, OH, 43219",Zeke Liston,614-665-5793
365 Hudson Avenue,"365 Hudson Avenue, Newark, OH, 43055",Justin Schone,614-314-2025
AOKO- K9 Connections,"2827 E Dublin Granville Rd, Columbus, OH, 43231",Jack Fairall,614-967-0940
Arbor Park,"38th St NW, Canton, OH, 44709",Kristy Trentman,330-517-1217
RA Portfolio (Shawnee Portfolio),"Blue Jacket Dr, Bellefontaine, OH, 43311",Andrew Block,816-412-5873
2715-151/2 Sullivant Avenue,"2715-151/2 Sullivant Avenue, Columbus, OH, 43204",DJ McGrew,614-600-0126
3096 Meadowbrook Boulevard,"3096 Meadowbrook Boulevard, Cleveland, OH, 44118",Clint McGilvray,No Phone Number Available
247-249 S Eureka Avenue,"247-249 S Eureka Avenue, Columbus, OH, 43204",Leslie Nelson,704-389-3969
1284 S Champion Avenue,"1284 S Champion Avenue, Columbus, OH, 43206",Matthew  Paradis,614-377-3003
1656-1658 Forest Street,"1656-1658 Forest Street, Columbus, OH, 43206",Zeke Liston,614-665-5793
1563 Greenway Avenue,"1563 Greenway Avenue, Columbus, OH, 43203",Robert Ellis,614-400-8762
1555-1557 E Rich Street,"1555-1557 E Rich Street, Columbus, OH, 43205",Nathan White,614-255-5588
1429 N 6th Street,"1429 N 6th Street, Columbus, OH, 43201",Matthew Brown,614-519-8689
201 E High Street,"201 E High Street, Ashley, OH, 43003",Lori Detter,740-815-4906
49 Euclid Avenue,"49 Euclid Avenue, Columbus, OH, 43201",Matthew Brown,614-519-8689
360-364 E Tompkins Street,"360-364 E Tompkins Street, Columbus, OH, 43202",Todd DeHays,614-361-1897
47 S Monroe Avenue,"47-49 S Monroe Avenue, Columbus, OH, 43205",Misty linn,No Phone Number Available
Hamilton Court Apartments,"4468 Reinbeau Dr, Columbus, OH, 43232",Thomas Fortin,614-348-7876
10111 Winchester Road NW,"10111 Winchester Road NW, Canal Winchester, OH, 43110",James Roehrenbeck,614-428-7444
1799-1801 S 5th Street,"1801 S 5th Street, Columbus, OH, 43207",Rich Russo,614-937-8699
1437 S High Street,"1437 S High Street, Columbus, OH, 43207",Emily Tarter,440-541-4551
214 S Seffner Avenue,"214 S Seffner Avenue, Marion, OH, 43302",Christopher Shea,614-932-2000
Cromwell Place - 7 Unit Townhome Multifamily in West Akron,"1781 Cromwell Dr, Akron, OH, 44313",Kaitlin Moore,330-715-3450
1140-1142 Hamlet Street,"1140-1142 Hamlet Street, Columbus, OH, 43201",Joel Roby,614-657-7000
Mercantile,"309 S 4th St, Columbus, OH, 43215",Carter Stephens,631-704-2257
1837 Sullivant Avenue,"1837 Sullivant Avenue, Columbus, OH, 43223",Zeke Liston,614-665-5793
258 E 13th Avenue,"258 E 13th Avenue, Columbus, OH, 43201",Matthew Brown,614-519-8689
1570 E Long Street,"1570 E Long Street, Columbus, OH, 43203",Joshua Bauerle,567-224-2064
134 W. Tulane Road,"134 W Tulane Rd, Columbus, OH, 43202",Judy Minister,614-325-8815
160 N Sylvan Avenue,"160 N Sylvan Avenue, Columbus, OH, 43204",Trent Sky,614-917-7800
362-366 Zimpfer Street,"362-366 Zimpfer Street, Columbus, OH, 43206",Columbus House Team,614-255-5588
563 Elm Street,"563 Elm Street, Utica, OH, 43080",Samantha Cavanaugh,740-507-5618
"""The Ranch & The Corral"" Hocking Hills, OH. Airbnb's","63775 OH-56 Creola, OH. 45622, Creola, OH, 45622",Brian Kapple,740-629-2513
3367 Parkcrest Lane,"3367 Parkcrest Lane, Cincinnati, OH, 45211",Stephen Turman,513-489-7000
1587 Garling Avenue,"1587 Garling Avenue, Columbus, OH, 43223",Stephen Kirtland,614-746-3665
829-831 Franklin Avenue,"829-831 Franklin Avenue, Columbus, OH, 43205",Erin Ogden Oxender,614-888-1000
738-740 S 5th Street,"738-740 S 5th Street, Columbus, OH, 43206",Emily Knoppe,614-477-4597
1444 Hamlet Street,"1444 Hamlet Street, Columbus, OH, 43201",Matthew Brown,614-519-8689
564 Kelton Avenue,"564 Kelton Avenue, Columbus, OH, 43205",Dorian Gray,708-805-5537
1567-1579 Briarwood Avenue,"1567-1579 Briarwood Avenue, Columbus, OH, 43211",John Defourny,614-267-7400
1438 N 6th Street,"1438 N 6th Street, Columbus, OH, 43201",Matthew Brown,614-519-8689
73 N Hampton Road,"73 N Hampton Road, Columbus, OH, 43213",Jeffrey Jonas,614-725-8835
160-2,"160-2, Columbus, OH, 43204",Trent Sky,614-917-7800
Brighter Days Car Wash,"2748 Old State Rte 32, Batavia, OH, 45103",Len Koogler,513-753-9660
40 W Winter Street,"40 W Winter Street, Delaware, OH, 43015",Stephanie J VanGundy,740-833-3241
23 E Vine Street,"23 E Vine Street, Mount Vernon, OH, 43050",Shad Bevington,740-504-4069
960 College Avenue,"960 College Avenue, Columbus, OH, 43209",blake park,614-762-9232
354 N Roosevelt Avenue,"354 N Roosevelt Avenue, Columbus, OH, 43209",Kameron Meeting,614-940-4750
326-328 Wyandotte Avenue,"326-328 Wyandotte Avenue, Columbus, OH, 43202",Jeffery Ruff,614-255-5588
803 W Chestnut Street,"803 W Chestnut Street, Mount Vernon, OH, 43050",Joe Curry,740-485-2100
379 W 2nd Street,"379 W 2nd Street, Logan, OH, 43138",Jennifer Wernert,614-255-5588
3276&3278 Sullivant Avenue,"3276&3278 Sullivant Avenue, Columbus, OH, 43204",Kevin Sullivan,512-327-3071
351 S Prospect Street,"351 S Prospect Street, Marion, OH, 43302",Anne Baisden,614-390-0850
235 W Main Street,"235 W Main Street, Newark, OH, 43055",Justin Schone,614-314-2025
231-233 Logan Street,"231-233 Logan Street, Circleville, OH, 43113",Seth R Sias,614-330-8650
1602 State Route 309,"1602 State Route 309, Caledonia, OH, 43314",Becky Richardson,614-255-5588
1701 E Whittier Street,"1701 E Whittier Street, Columbus, OH, 43206",Eva Hockenberry,704-859-2176
"12528 Edmonton Ave, Cleveland, OH 44108-4410","12528 Edmonton Ave, Cleveland, OH, 44108",Michael Lewis,440-476-2322
3074 Howey Road,"3074 Howey Road, Columbus, OH, 43224",Elizabeth Greulich,No Phone Number Available
Licking County Multi-Family Portfolio,"29 Wyoming St, Newark, OH, 43055",Doug Wilson,614-206-3881
2098 US Highway 42 S,"2098 US Highway 42 S, Delaware, OH, 43015",Jae Billiter,614-890-5000
Opportunity Zone Redevelopment | Mixed-Use Multi-Family,"907 W Broad St, Columbus, OH, 43222",Arthur Kaplan,646-494-4658
9-11-15 E Norwich Avenue,"9-11-15 E Norwich Avenue, Columbus, OH, 43201",Eric Cliffel,614-547-2287
Profitable and Turnkey Indian Restaurant For Sale in Powell,"230 W Olentangy Street, Powell, OH, 43065",Samuel Miller,614-289-8799
62-64 W Dodridge Street,"62-64 W Dodridge Street, Columbus, OH, 43202",Krystin Macaluso,614-582-9082
"1384 N Monroe Dr., Xenia, OH","1384 N Monroe Dr, Xenia, OH, 45385",Kevin Keithley,650-361-1000
148 Hirn Street,"148 Hirn Street, Chillicothe, OH, 45601",Heather Dalessandri,614-678-5505
Baba's Grill,"19 S Park Pl, Newark, OH, 43055",Ann Adams,614-483-2315
1786 E Rich Street,"1786 E Rich Street, Columbus, OH, 43205",Michael Pakizer,614-745-6664
81 Park Avenue,"81 Park Avenue, Delaware, OH, 43015",Rich Russo,614-937-8699
Carl B. Stokes Social Services Mall,"6001 Woodland Ave, Cleveland, OH, 44104",Matthew King,216-452-9292
11815 Kelton Avenue,"11815 Kelton Avenue, Cleveland, OH, 44106",Steven Wilson,248-294-7850
178 S 4th Street,"178 S 4th Street, Newark, OH, 43055",Jaime Barlow,614-493-8541
2011 Clark Ave Wellsville Cash Flowing Rental,"2011 Clark Ave, Wellsville, OH, 43968",Michelle Demopolis,740-602-0126
253 N James Road,"253 N James Road, Columbus, OH, 43213",Nicole MacLellan,614-255-5588
The Strafford,"255 Warner St, Cincinnati, OH, 45219",Ali Abdur-Rahman,513-549-5226
Office Building and Business For Sale,"2745 Nesbitt Ave, Akron, OH, 44319",Annmarie Buckingham,330-575-9569
306-308 E 11th Avenue,"306-308 E 11th Avenue, Columbus, OH, 43201",Desmond Todd,614-202-9945
239 Central Avenue,"239 Central Avenue, Newark, OH, 43055",Kelly Bethel,614-546-5909
2160 Baldwin Road,"2160 Baldwin Road, Reynoldsburg, OH, 43068",Michael Irwin,614-316-1212
The Freight House Grill & Pub,"50 N Prospect St, Norwalk, OH, 44857",Kendra Collier,419-660-1898
796 S Weyant Avenue,"796 S Weyant Avenue, Columbus, OH, 43227",Misty linn,No Phone Number Available
"13620 Earlwood Rd, Cleveland, OH 44110","13620 Earlwood Rd, Cleveland, OH, 44110",Michael Lewis,440-476-2322
Olympic Reserve,"2008 Gold Medal Drive, Springfield, OH, 45503",Carter Stephens,631-704-2257
Mixed-Use Commercial Property,"632 Cleveland St, Elyria, OH, 44035",Kas Filippova,216-374-3689
738 S Center Street,"738 S Center Street, Springfield, OH, 45506",Bridget Almashy,614-657-9256
121-125 Wilson Avenue,"121-125 Wilson Avenue, Columbus, OH, 43205",Lacey Wheeler,614-530-7617
17-19 E Mithoff Street,"17-19 E Mithoff Street, Columbus, OH, 43206",Jason Davis,614-207-5247
1087 E Sycamore Street,"1087 E Sycamore Street, Columbus, OH, 43206",Messiva Amer-Yahia,740-972-8967
1440-1442 Hamlet Street,"1440-1442 Hamlet Street, Columbus, OH, 43201",Myrna Gourgy,615-484-5616
1286-1288 Oakwood Avenue,"1286-1288 Oakwood Avenue, Columbus, OH, 43206",Drew Basil,740-703-2600
15151 US Highway 36,"15151 US Highway 36, Marysville, OH, 43040",Tina M Powell,614-226-4663
2395 Summit Street,"2395 Summit Street, Columbus, OH, 43202",David E Barlow,614-255-5588
480 S Richardson Avenue,"480 S Richardson Avenue, Columbus, OH, 43204",Frederick Bond,614-353-3480
Studio 91,"33745 Station Street, Solon, OH, 44139",Jeremy Bates,216-299-8799
Forest Hill Park Apartments,"13995 Superior Road, East Cleveland, OH, 44118",Matthew King,216-452-9292
166-168 E Innis Avenue,"166-168 E Innis Avenue, Columbus, OH, 43207",Michael Blakeman,614-596-1279
Third Street Townhomes,"181 E 3rd St, Mansfield, OH, 44902",Peter Peterson,419-566-8637
1087 Sycamore Street,"1087 Sycamore Street, Columbus, OH, 43206",Messiva Amer-Yahia,740-972-8967
1287 City Park Avenue,"1287 City Park Avenue, Columbus, OH, 43206",Michael Gunnarson,614-403-3163
3731-3733 Heatherglen Drive,"3731-3733 Heatherglen Drive, Columbus, OH, 43221",Eric Cliffel,614-547-2287
303 W State Street,"303 W State Street, Georgetown, OH, 45121",Phillip Stern,614-736-3411
Jefferson Apartments,"1084 Jefferson Ave, Akron, OH, 44313",Evan Pannell,330-715-4801
1816 Kent Street,"1816 Kent Street, Columbus, OH, 43205",Rich Russo,614-937-8699
2331 Ridgeway Avenue,"2331 Ridgeway Avenue, Columbus, OH, 43219",Jason Armstrong,614-499-4115
1006 S Broad Street,"1006 S Broad Street, Lancaster, OH, 43130",Michelle Brooks,614-314-6196
332 W Main Street,"332 W Main Street, Newark, OH, 43055",Robert Kiger,614-316-2870
51 E North Street,"51 E North Street, Newark, OH, 43055",Matthew Paley,740-475-9582
"1010 E 34th St, Lorain, OH 44055","1010 E 34th St, Lorain, OH, 44055",Adam Bellinski,330-685-5583
444-446 E 15th Avenue,"444-446 E 15th Avenue, Columbus, OH, 43201",Jonathan Lorenz,614-517-4590
1033-1035 Franklin Avenue,"1033-1035 Franklin Avenue, Columbus, OH, 43205",Nicholas DeWitt,614-581-5655
169 -175 Mill St,"169 Mill St, Athens, OH, 45701",Russell Chamberlain,740-541-3251
Elks Lodge / Al Capone Liquor hide out and Speak Easy,"354 Main St, Conneaut, OH, 44030",Marco Marinucci,440-487-1878
"1052 W 17th St, Lorain, OH 44052","1052 W 17th St, Lorain, OH, 44052",Matthew Klein,216-785-2345
732 N State Route 61,"732 N State Route 61, Sunbury, OH, 43074",Kara Barnhart,614-286-8148
108 S 8th Street,"108 S 8th Street, Hebron, OH, 43025",Shaun Hood,419-234-6939
1011 E Rich Street,"1011 E Rich Street, Columbus, OH, 43205",Michael Casey,614-478-2121
106 E Franklin Street,"106 E Franklin Street, Nelsonville, OH, 45764",Marquis Leatherbury,614-537-7510
Glenmount Avenue,"2189-2211 Glenmount Ave, Akron, OH, 44319",James Haddox,330-573-3569
0 Worthington,"0 Worthington, Alexandria, OH, 43001",Michelle Biga,614-290-6588
1146 S Champion Avenue,"1146 S Champion Avenue, Columbus, OH, 43206",Michael Casey,614-478-2121
72 Winner Avenue,"72 Winner Avenue, Columbus, OH, 43203",Beverly J Woodford,No Phone Number Available
4468 Reinbeau Drive,"4468 Reinbeau Drive, Columbus, OH, 43232",Thomas Fortin,614-348-7876
391-393 Chittenden Avenue,"391-393 Chittenden Avenue, Columbus, OH, 43201",Jonathan Schick,614-406-8865
370 Main Street,"370 Main Street, Groveport, OH, 43125",Columbus House Team,614-255-5588
"443 Chestnut St - Nelsonville, OH 45701","443 Chestnut St, Nelsonville, OH, 45764",Ally Rapp Lee,740-590-8998
2729 Sullivant Avenue,"2729 Sullivant Avenue, Columbus, OH, 43204",Jaysen Barlow,614-255-5588
"Hamilton Court, Columbus, Ohio","4496 Reinbeau Dr, Columbus, OH, 43232",Thomas Fortin,614-348-7876
868-870 Wiltshire Road,"868-870 Wiltshire Road, Columbus, OH, 43204",Columbus House Team,614-255-5588
751 Reinhard Avenue,"751 Reinhard Avenue, Columbus, OH, 43206",Jacob Fisk,614-585-9020
E.W. Hanley House,"1400 E 3rd St, Dayton, OH, 45403",Derek Fink,937-416-6779
831-833 Lilley Avenue,"831-833 Lilley Avenue, Columbus, OH, 43205",Jennifer Wernert,614-255-5588
482 King Avenue,"482 King Avenue, Marion, OH, 43302",Denise Fate,614-623-9855
326 - 328 W 1st Avenue,"326 - 328 W 1st Avenue, Columbus, OH, 43201",Stacey Plybon,614-778-4269
1030 Marion Avenue,"1030 Marion Avenue, Mansfield, OH, 44906",Amanda Woodworth,513-312-4086
1117 Franklin Avenue,"1117 Franklin Avenue, Columbus, OH, 43205",Alan S Jones,614-848-9400
Ayers Road,"6086 Ayers Rd, Albany, OH, 45710",Mark Spezza,740-594-4211
978-980 Harrison Avenue,"978-980 Harrison Avenue, Columbus, OH, 43201",David Bonnie,614-736-8080
89-91 S Walnut Street,"89-91 S Walnut Street, Chillicothe, OH, 45601",Mandy Mancini,614-796-5077
Wayne Street Bar and Grill,"1040 S Wayne St, Saint Marys, OH, 45885",Lynn Goetsch,937-280-6002
629-631 S Wheatland Avenue,"629-631 S Wheatland Avenue, Columbus, OH, 43204",Ricardo Mendoza,614-406-0883
12597 Tarlton Road,"12597 Tarlton Road, Circleville, OH, 43113",Lorilee Winner,740-420-9102
438 Edinburgh Road,"438 Edinburgh Road, Dublin, OH, 43017",Cece Miller,614-989-0417
62 S Main Street,"62 S Main Street, Johnstown, OH, 43031",Ron Kendle,614-325-6295
664-666 Bedford Avenue,"664-666 Bedford Avenue, Columbus, OH, 43205",Jonathan Lorenz,614-517-4590
3715-3717 Heatherglen Drive,"3715-3717 Heatherglen Drive, Columbus, OH, 43221",Andrew Myers,614-554-1671
Kingwood Triplexes,"744 Kingwood Dr NE, Bolivar, OH, 44612",Jan McInturf,330-340-6648
77 Schultz Avenue,"77 Schultz Avenue, Columbus, OH, 43222",Jennifer R Krohn,614-439-1129
118-134 W Tulane Road,"118 W Tulane Rd, Columbus, OH, 43202",Judy Minister,614-325-8815
1671-1673 E Whittier Street,"1671-1673 E Whittier Street, Columbus, OH, 43206",Zeke Liston,614-665-5793
0 Adena Trail Street,"0 Adena Trail Street, Circleville, OH, 43113",Mark Stoody,614-572-3432
1863-1865 Holburn Avenue,"1863-1865 Holburn Avenue, Columbus, OH, 43207",Keli Fisher,740-277-9037
312 E Main St,"312 E Main St, Owensville, OH, 45160",Carmen Saylor,513-515-7510
9932 Marysville Road,"9932 Marysville Road, Ostrander, OH, 43061",Nicole Yoder-Barnhart,614-771-7400
122 N Central Avenue,"122 N Central Avenue, Columbus, OH, 43222",Nataliya S Kurpita,614-306-7452
429 S Champion Avenue,"429 S Champion Avenue, Columbus, OH, 43205",Michael Casey,614-478-2121
6520 FLEET AVE,"6520 Fleet Ave, Cleveland, OH, 44105",Jennifer Woomer,216-337-0107
10151 Maumee Western Road,"10151 Maumee Western Rd, Monclova, OH, 43542",Megan Malczewski,419-215-1008
1675 Carlyon Road,"1675 Carlyon Road, East Cleveland, OH, 44112",Morgan McClain,216-333-6844
224 N 20th Street,"224 N 20th Street, Columbus, OH, 43203",Bradley Shields,614-306-5857
2199-2201 Cleveland Avenue,"2199-2201 Cleveland Avenue, Columbus, OH, 43211",LaTarra Woodring,614-499-7305
619 W Washington Street,"619 W Washington Street, Nelsonville, OH, 45764",Matt Neff,740-603-6846
187-189 W Pacemont Road,"187-189 W Pacemont Road, Columbus, OH, 43202",Johnathon Brunner,614-313-1253
746-748 Neil Avenue,"746-748 Neil Avenue, Columbus, OH, 43215",Terry Penrod,614-323-9596
735 Hanford Street,"735 Hanford Street, Columbus, OH, 43206",Elizabeth Greulich,No Phone Number Available
261 E Northwood Avenue,"261 E Northwood Avenue, Columbus, OH, 43201",Rich Russo,614-937-8699
6745 State Route 38,"6745 State Route 38, London, OH, 43140",Lisa Jackman,614-619-9295
355 W 2nd Street,"355 W 2nd Street, Logan, OH, 43138",Jennifer Wernert,614-255-5588
1550 Lewis Center Road,"1550 Lewis Center Rd, Lewis Center, OH, 43035",Matthew Hance,614-546-6641
"1653 E 31st St, Lorain, OH 44055","1653 E 31st St, Lorain, OH, 44055",Ralph Mercado,440-340-1804
"160-2,4 N Sylvan Avenue","160-2,4 N Sylvan Avenue, Columbus, OH, 43204",Trent Sky,614-917-7800
523 N Broad Street,"523 N Broad Street, Lancaster, OH, 43130",Olivia Karns,614-551-1883
74 W Moler Street,"74 W Moler Street, Columbus, OH, 43207",Will Alonso,614-580-3668
1233 Ida Street,"1233 Ida Street, Cincinnati, OH, 45202",Jeffrey Asquith,513-600-0063
415 N Columbus Street,"415 N Columbus Street, Crestline, OH, 44827",Christopher Stjernholm,303-809-6797
1564-1566 E Blake Avenue,"1564-1566 E Blake Avenue, Columbus, OH, 43211",Quinn Nugent,614-338-5980
Euclid Crossings,"24570 Lakeshore Blvd, Euclid, OH, 44123","Keith Keltner, CCIM",216-687-1800
721 & 725 West Street,"721 & 725 West Street, Logan, OH, 43138",Kyle Walker,740-583-0026
1496 E 23rd Avenue,"1496 E 23rd Avenue, Columbus, OH, 43211",Todd Stone,614-397-1231
8 Unit Apartment - Jewett Ohio,"126 Main St, Jewett, OH, 43986",Megan Eckstein,330-605-4302
3010 Mink Street,"3010 Mink Street, Johnstown, OH, 43031",Kathy Fornes,614-204-5707
571-575 City Park Avenue,"571-575 City Park Avenue, Columbus, OH, 43215",Benjamin Vail,419-560-2312
"5252 Center St Hilliard, Oh 43026","5252 Center St, Hilliard, OH, 43026",Kimberly Webb,614-946-6671
148 E Miller Ave,"148 E Miller Ave, Akron, OH, 44301",Scott Raskow,330-608-5172
1906-1908 Cleveland Avenue,"1906-1908 Cleveland Avenue, Columbus, OH, 43211",Desmond Todd,614-202-9945
18 North Avenue,"18 North Avenue, Glouster, OH, 45732",Ally Rapp Lee,740-590-8998
1805 S 6th Street,"1805 S 6th Street, Columbus, OH, 43207",Don Payne,614-302-5586
0 Adena Trail Street,"0 Adena Trail Street, Circleville, OH, 43113",Mark Stoody,614-572-3432
1500-1502 E 26th Avenue,"1500-1502 E 26th Avenue, Columbus, OH, 43211",Drey Thompson,614-778-6468
309 W 4th Avenue,"309 W 4th Avenue, Columbus, OH, 43215",Katherine Davis Spence,614-354-1785
2054 N 4th Street,"2054 N 4th Street, Columbus, OH, 43201",Richard Rano,614-570-8888
1022 Neil Avenue,"1022 Neil Avenue, Columbus, OH, 43201",Scott Allen,614-698-1227
"Downtown Cincinnati - Multi-Family, Single Family Portfolio","1351 Broadway, Cincinnati, OH, 45202",Jennifer Donathan,513-520-3540
72-74 E Innis Avenue,"72-74 E Innis Avenue, Columbus, OH, 43207",Mike Laemmle,614-312-0844
358-360 E Markison Avenue,"358-360 E Markison Avenue, Columbus, OH, 43207",Nathan M Helsinger,614-395-2070
1243 N 5th Street,"1243 N 5th Street, Columbus, OH, 43201",Matthew Brown,614-519-8689
1399 E Long Street,"1399 E Long Street, Columbus, OH, 43203",Michael Casey,614-478-2121
3337 Lake Road W,"3337 Lake Road W, Ashtabula, OH, 44004",Ryan Reed,440-990-0055
Taqueria 3 Hermanos,"5392 Burkhardt Rd, Dayton, Oh 45431, Dayton, OH, 45431",Karin Xander,614-580-9169
1524 State Street,"1524 State Street, Steubenville, OH, 43952",Steven Wilson,248-294-7850
2219 W Broad Street,"2219 W Broad Street, Columbus, OH, 43223",Carlton Shaffer,614-633-9390
18424 Lakeshore,"18424 Lakeshore Blvd, Cleveland, OH, 44119",John Ellis,216-849-6779
1212 Summit Street,"1212 Summit Street, Columbus, OH, 43201",Eric Weisgarber,614-425-6780
612-614 Racine Avenue,"612-614 Racine Avenue, Columbus, OH, 43204",Sue Chau,149445900
217-219 Huston Street,"217-219 Huston Street, Circleville, OH, 43113",Matthew Paley,740-475-9582
"4099 E 56th St, Cleveland, OH 44105","4099 E 56th St, Cleveland, OH, 44105",Jesse Kracht,440-212-5656
1470 S High Street,"1470 S High Street, Columbus, OH, 43207",Rich Russo,614-937-8699
1064 E Rich Street,"1064-66 E Rich Street, Columbus, OH, 43205",Brett Gregory,740-361-4839
1050-1052 Loretta Avenue,"1050-1052 Loretta Avenue, Columbus, OH, 43211",Drey Thompson,614-778-6468
65 Dana Avenue,"65 Dana Avenue, Columbus, OH, 43222",Christopher Gregory,614-580-0790
Downtown sandusky investment opportunity,"432 E Washington St, Sandusky, OH, 44870",Alanna Gomez,419-239-1061
3600 Cushing Drive,"3600 Cushing Drive, Columbus, OH, 43227",Zeke Liston,614-665-5793
1298 S James Road,"1298 S James Road, Columbus, OH, 43227",Thomas Fortin,614-348-7876
3659 Agler Road,"3659 Agler Road, Columbus, OH, 43219",Ted Oatts,614-404-4300
361 Fort Street,"361 Fort Street, Nelsonville, OH, 45764",David Burnette,740-753-1329
561 Kimball Place,"561 Kimball Place, Columbus, OH, 43205",Michael Casey,614-478-2121
361 E 20th Avenue,"361 E 20th Avenue, Columbus, OH, 43201",Cody Butler,614-603-0777
137 Wisconsin Avenue,"137 Wisconsin Avenue, Columbus, OH, 43222",Jennifer Wernert,614-255-5588
525-527 E Tompkins Street,"525-527 E Tompkins Street, Columbus, OH, 43202",Todd DeHays,614-361-1897
332 Garfield Avenue,"332 Garfield Avenue, Lancaster, OH, 43130",ron barker,740-503-7270
Avon Lake,"33570 Lake Rd, Avon Lake, OH, 44012",Richard Shields,312-972-2496
South Moreland Estates,"2934 S Moreland Blvd, Cleveland, OH, 44120",Jelena Krilova,216-577-5979
434-434.5 S State Street,"434-434.5 S State Street, Marion, OH, 43302",Samuel Miller,614-289-8799
366 Kelton Avenue,"366 Kelton Avenue, Columbus, OH, 43205",Aunda Klopfer,614-446-8448
820 Poplar Street,"820 Poplar Street, Nelsonville, OH, 45764",Marquis Leatherbury,614-537-7510
1727 State Route 257 S,"1727 State Route 257 S, Delaware, OH, 43015",Marshall Drake,614-226-3922
3244 E 5th Avenue,"3244 E 5th Avenue, Columbus, OH, 43219",Brandon Sturgill,614-379-2017
634 Pearl Street,"634 Pearl Street, Marion, OH, 43302",John Massey,740-361-3889
483-485 S Champion Avenue,"483-485 S Champion Avenue, Columbus, OH, 43205",Morgan Scroggy,503-989-2185
764-766 Kelton Avenue,"764-766 Kelton Avenue, Columbus, OH, 43205",Bradley Clarizio,614-309-2158
249 W Church Street,"249 W Church Street, Newark, OH, 43055",Jaime Barlow,614-493-8541
4715-4717 Mcbane Court,"4715-4717 Mcbane Court, Columbus, OH, 43220",Lori Lynn,614-395-9628
15151 US Highway 36,"15151 US Highway 36, Marysville, OH, 43040",Tina M Powell,614-226-4663
1006-1008 E 16th Avenue,"1006-1008 E 16th Avenue, Columbus, OH, 43211",Patrick Drury,614-412-4565
525 W 2nd Street,"525 W 2nd Street, Logan, OH, 43138",Josie  Marshall,614-530-4115
218-220 W 4th Street,"218-220 W 4th Street, Marysville, OH, 43040",Katie Crocco,614-203-1984
43-45 W Markison Avenue,"43-45 W Markison Avenue, Columbus, OH, 43207",Jeff Mahler,614-832-7139
1786-1788 E Rich Street,"1786-1788 E Rich Street, Columbus, OH, 43205",Michael Pakizer,614-745-6664
1170-1172 Oakwood Avenue,"1170-1172 Oakwood Avenue, Columbus, OH, 43206",Jilian Raby,419-496-1363
129 Sunnyslope Drive,"129 Sunnyslope Drive, Mansfield, OH, 44907",Brandon Sturgill,614-379-2017
206 W Washington Street,"206 W Washington Street, Nelsonville, OH, 45764",Kris Frecker,740-503-3684
595-597 E Kossuth Street,"595-597 E Kossuth Street, Columbus, OH, 43206",Austin Steed,614-531-5455
311 Clinton Street,"311 Clinton Street, Newark, OH, 43055",Jeffery Roelle,602-374-0968
200-202 N Harris Avenue,"200-202 N Harris Avenue, Columbus, OH, 43204",Andrew Myers,614-554-1671
1614 E Whittier Street,"1614 E Whittier Street, Columbus, OH, 43206",Travis Marko,740-827-9786
1350 Dennison Avenue,"1350-1350 1/2 Dennison Avenue, Columbus, OH, 43201",Lee Ritchie,614-595-0732
87-89 Euclid Avenue,"87-89 Euclid Avenue, Columbus, OH, 43201",Courtney Eaglin,614-746-0304
1512 Glenn Avenue,"1512 Glenn Avenue, Columbus, OH, 43212",Sheryl Reitter,No Phone Number Available
126 W Tulane Road,"126 W Tulane Rd, Columbus, OH, 43202",Judy Minister,614-325-8815
1775 Stelzer Road,"1775 Stelzer Road, Columbus, OH, 43219",Rick Davis,740-400-9950
94 W. Tulane Road,"94 W Tulane Rd, Columbus, OH, 43202",Judy Minister,614-325-8815
1480 Wellness Drive,"1480 Wellness Drive, Marion, OH, 43302",Thomas Trigg,614-537-3645
"1906 Lexington Ave, Lorain, OH 44052","1906 Lexington Ave, Lorain, OH, 44052",Matthew Klein,216-785-2345
471 S terrace Avenue,"471 S terrace Avenue, Columbus, OH, 43204",Jeffrey Jonas,614-725-8835
1101-1103 S Ohio Avenue,"1101-1103 S Ohio Avenue, Columbus, OH, 43206",Hayes Borders,800-746-9464
Hasler Lane Portfolio,"6603-6605 Hasler Ln, Cincinnati, OH, 45216",Brian Jackson,513-620-5968
348-350 Pearl Street,"348-350 Pearl Street, Marion, OH, 43302",John Massey,740-361-3889
1418-1422 Miller Avenue,"1418-1422 Miller Avenue, Columbus, OH, 43206",Leslie Nelson,704-389-3969
775 Bennett Street,"775 Bennett Street, Marion, OH, 43302",Tyler Griffith,740-404-4292
"Hunting Cabin, Mobile Home and RV Hook Up on 2.47 Acres","1011 Lee Hollow Rd, Chillicothe, OH, 45601",Michelle Demopolis,740-602-0126
2318-2320 Cleveland Avenue,"2318-2320 Cleveland Avenue, Columbus, OH, 43211",Brian Farris,614-282-2097
209 N James Road,"209 N James Road, Columbus, OH, 43213",Nicole MacLellan,614-255-5588
6-Unit Multifamily Property | For Sale,"1801 Lang St, Cincinnati, OH, 45202",Tryfon Christoforou,513-745-9333
364 Blaine Avenue,"364 Blaine Avenue, Marion, OH, 43302",Corinne Large,740-341-9464
Elmwood Place,"6011 Vine St, Cincinnati, OH, 45216",Jon Bowling,513-325-2171
168 N Sylvan Avenue,"168 N Sylvan Avenue, Columbus, OH, 43204",Trent Sky,614-917-7800
1330 Xenia Avenue,"1330 Xenia Avenue, Dayton, OH, 45410",Jennifer Wernert,614-255-5588
330 E Wheeling Street,"330 E Wheeling Street, Lancaster, OH, 43130",Diane Todd,614-570-0803
2730 Sullivant Avenue,"2730 Sullivant Avenue, Columbus, OH, 43204",Zeke Liston,614-665-5793
0 E Copeland Road,"0 E Copeland Road, Stewart, OH, 45778",Rayna Morgan,614-218-6704
Over the Moon Pub & Pizza,"170 Front St., Marietta, OH, 45750",Bob Wright (Broker),304-424-6677
104-106 E Lakeview Avenue,"104-106 E Lakeview Avenue, Columbus, OH, 43202",Judy Minister,614-325-8815
2513 Indianola Avenue,"2513 Indianola Avenue, Columbus, OH, 43202",Thomas Buoni,614-929-3372
"Cleveland, OH | 12 Property Portfolio | 14.36% Cap Rate","3908 Woburn Ave, Cleveland, OH, 44109",Anthony Takacs,440-567-8047
1361-1363 E 18th Avenue,"1361-1363 E 18th Avenue, Columbus, OH, 43211",Zeke Liston,614-665-5793
Price Hill Money Maker,"1671 1st Ave, Cincinnati, OH, 45205",J J Harrison,513-325-4403
867-871 Delaware Avenue,"867-871 Delaware Avenue, Columbus, OH, 43215",Glen Whitten,419-790-3106
63 N 4th Street,"63 N 4th Street, Newark, OH, 43055",Daulton Albanese,740-215-9119
159-166 Walnut Terrace,"159-166 Walnut Terrace, Akron, OH, 44303",Lisa Mazzola,330-673-3400
1471 E Broad Street,"1471 E Broad Street, Columbus, OH, 43205",Darryl Isabel,614-374-3108
5269 N Bank Road,"5269 N Bank Road, Buckeye Lake, OH, 43008",Greg Hart,614-771-7400
13223 Pleasant Valley Road,"13223 Pleasant Valley Road, Chillicothe, OH, 45601",Cheryl Brown Wynn,740-649-0574
4100 Cleveland Ave NW,"4100 Cleveland Ave NW, Canton, OH, 44709",Beth Miller,330-268-3757
4094 E Main Street,"4094 E Main Street, Columbus, OH, 43213",Wendy Esker,614-554-7795
563 S Dawson Avenue,"563 S Dawson Avenue, Columbus, OH, 43209",Owen Heisey,614-397-0141
Gaslight Clifton Apartments,"877 Ludlow Ave, Cincinnati, OH, 45220",Ali Abdur-Rahman,513-549-5226
256 Rumsey Road,"256 Rumsey Road, Columbus, OH, 43207",Justin Hazley,No Phone Number Available
189-191 Dana Avenue,"189-191 Dana Avenue, Columbus, OH, 43223",Brandon Goldsmith,614-963-3340
601 City Park Avenue,"601 City Park Avenue, Columbus, OH, 43206",Brittany Hampton,No Phone Number Available
1544 Granville Street,"1544 Granville Street, Columbus, OH, 43203",Steven Wilson,248-294-7850
"1300 Walnut St, Coshocton, OH 43812","1300 Walnut St, Coshocton, OH, 43812",Doug Wilson,614-206-3881
1244 -1246 Summit Street,"1244 -1246 Summit Street, Columbus, OH, 43201",Jill Fergus,614-296-6789
Cleveland Road Apartments,"620 Cleveland Rd E, Huron, OH, 44839",Alanna Gomez,419-239-1061
960 S Ohio Avenue,"960 S Ohio Avenue, Columbus, OH, 43206",Elizabeth Greulich,No Phone Number Available
3736 Navarre Avenue,"3736 Navarre Avenue, Oregon, OH, 43616",William Fristo,419-466-6283
"3584 E 151st St, Cleveland, OH 44120","3584 E 151st St, Cleveland, OH, 44120",Jesse Kracht,440-212-5656
1125 E 20th Avenue,"1125 E 20th Avenue, Columbus, OH, 43211",Corey Barnes,614-589-1501
885 Mt Vernon Avenue,"885 Mt Vernon Avenue, Marion, OH, 43302",Denise Fate,614-623-9855
2822 E 5th Avenue,"2822 E 5th Avenue, Columbus, OH, 43219",Lee Ritchie,614-595-0732
73-75 E Markison Avenue,"73-75 E Markison Avenue, Columbus, OH, 43207",Jonathan Lorenz,614-517-4590
Guernsey & Harrison County Multi-Family Portfolio County,"1109 Carlisle Ave, Cambridge, OH, 43725",Doug Wilson,614-206-3881
229 W Main Street,"229 W Main Street, Newark, OH, 43055",Justin Schone,614-314-2025
94 W Tulane Road,"94 W Tulane Road, Columbus, OH, 43202",Judy Minister,614-325-8815
1047 E 21st Avenue,"1047 E 21st Avenue, Columbus, OH, 43211",Drey Thompson,614-778-6468
1154 S High Street,"1154 S High Street, Columbus, OH, 43206",Victoria Rossi,614-871-0808
415 Nace Avenue,"415 Nace Avenue, Columbus, OH, 43223",Zeke Liston,614-665-5793
243 N James Road,"243 N James Road, Columbus, OH, 43213",Nicole MacLellan,614-255-5588
480-482 E Morrill Avenue,"480-482 E Morrill Avenue, Columbus, OH, 43207",Kristy Brown,614-255-5588
2390 Hoover Road,"2390 Hoover Road, Grove City, OH, 43123",Jim Spiegel,No Phone Number Available
229-231 E Kelso Road,"229-231 E Kelso Road, Columbus, OH, 43202",Jonathan Schick,614-406-8865
148-150 Midland Avenue,"148-150 Midland Avenue, Columbus, OH, 43223",Drey Thompson,614-778-6468
830-834 Oak Street,"830-834 Oak Street, Columbus, OH, 43205",Michael Casey,614-478-2121
203-205 Lawrence Street,"203-205 Lawrence Street, Newark, OH, 43055",Andrew Guanciale,740-403-6444
776 S 22nd Street,"776 S 22nd Street, Columbus, OH, 43206",Charles Scheiderer,800-746-9464
1038 Lockbourne Road,"1038 Lockbourne Road, Columbus, OH, 43206",Jake Bluvstein,614-531-1365
0 Beaver,"0 Beaver, Jackson, OH, 45640",Jordan Silcott,614-530-9448
827 Market Street,"827 Market Street, Zanesville, OH, 43701",Diana Hall,740-334-8217
2423 Stelzer Road,"2423 Stelzer Road, Columbus, OH, 43219",Jean Whitaker-Gauerke,No Phone Number Available
62 S Eureka Avenue,"62 S Eureka Avenue, Columbus, OH, 43204",Justin Hazley,No Phone Number Available
2905 Alms,"2904 Alms Pl, Cincinnati, OH, 45206","Shawn Gilreath, MAI",513-312-9008
1200 W Vine Street,"1200 W Vine Street, Mount Vernon, OH, 43050",Heather Kamann,614-255-5588
0 Upper Valley Pike,"0 Upper Valley Pike, Springfield, OH, 45504",Jeff Horme,937-605-4645
11450 Main Street,"11450 Main Street, Stoutsville, OH, 43154",Cathleen Campbell,740-466-5967
3250 E 49th Street,"3250 E 49th Street, Cleveland, OH, 44127",Katie Middendorf,330-697-5411
776-778 Gibbard Avenue,"776-778 Gibbard Avenue, Columbus, OH, 43201",Shawn Hageman,614-582-8970
2423 Stelzer Road,"2423 Stelzer Road, Columbus, OH, 43219",Jean Whitaker-Gauerke,No Phone Number Available
"3990 E 89th St, Cleveland, OH 44105","3990 E 89th St, cleveland, OH, 44105",Robert Cole Sr,440-241-5221
Buckeye Apartments,"11202 Buckeye Rd, Cleveland, OH, 44104",Jennifer Webb,440-785-8121
2928 Erie Avenue,"2928 W Erie Avenue, Lorain, OH, 44053",Tamara Adams,740-654-5552
394-396 E Mithoff Street,"394-396 E Mithoff Street, Columbus, OH, 43206",Kaleigh Chatfield,614-403-1499
1339 Mooberry Street,"1339 Mooberry Street, Columbus, OH, 43205",Jaysen Barlow,614-255-5588
497 E Oakland Avenue,"497 E Oakland Avenue, Columbus, OH, 43202",Drey Thompson,614-778-6468
202 Gay Street,"202 Gay Street, Plain City, OH, 43064",Ronald Winn,614-402-1499
0 Refugee Road SW,"0 Refugee Road SW, Etna, OH, 43062",Eric Brunney,614-975-5826
2499 Professor Avenue,"2499 Professor Avenue, Cleveland, OH, 44113",Lauren Lucas,614-795-8822
7944 Morse Rd,"7944 Morse Road, New Albany, OH, 43054",Dan Miller,614-506-0066
715 W Chestnut,"715 W Chestnut, Oxford, OH, 45056",Ken Thacker,513-615-8970
1366 E 17th Avenue,"1366 E 17th Avenue, Columbus, OH, 43211",Jeffrey Jonas,614-725-8835
Glendale Avenue,"3015 Glendale Ave, Toledo, OH, 43614",Paul J. DiVincenzo,440-382-5700
708 W Chestnut Street,"708 W Chestnut Street, Mount Vernon, OH, 43050",Joe Curry,740-485-2100
156 Zanesville Avenue,"156 Zanesville Avenue, Logan, OH, 43138",Lory Kim,614-570-1352
108-110 S Main Street,"108-110 S Main Street, Pleasantville, OH, 43148",Jennifer Wernert,614-255-5588
516-518 S Champion Avenue,"516-518 S Champion Avenue, Columbus, OH, 43205",Yolanda Bynum,No Phone Number Available
204 E Blake Avenue,"204 E Blake Avenue, Columbus, OH, 43202",Sean Carpenter,614-989-2277
104 E Main Street,"104 E Main Street, Somerset, OH, 43783",William Fodor,740-501-0236
336 W Main Street,"336 W Main Street, Newark, OH, 43055",Robert Kiger,614-316-2870
506 Harter Avenue,"506 Harter Avenue, Mansfield, OH, 44907",Nicholas Chalton,614-315-8029
550-552 E Beck Street,"550-552 E Beck Street, Columbus, OH, 43206",Brooks Anderson,614-266-6439
"12526 Union Ave, Cleveland, OH 44105","12526 Union Ave, Cleveland, OH, 44105",carly sablotny,440-521-1704
0 Keny Boulevard,"0 Keny Boulevard, London, OH, 43140",Rodney Bennett,740-837-0377
831 Lilley Avenue,"831 Lilley Avenue, Columbus, OH, 43205",Katherine Niemet,740-816-1423
241 Sexton Street,"241 Sexton Street, Struthers, OH, 44471",Michelle Demopolis,740-602-0126
109 E Williams Avenue,"109 E Williams Avenue, Bellefontaine, OH, 43311",Charles Scheiderer,800-746-9464
1258 E Oak Street,"1258 E Oak Street, Columbus, OH, 43205",Michael Tarpoff,614-323-2478
"3812 Archwood Ave, Cleveland, OH 44109","3812 Archwood Ave, Cleveland, OH, 44109",Robert Ross,216-392-6168
10000 E Copeland Road,"10000 E Copeland Road, Stewart, OH, 45778",Rayna Morgan,614-218-6704
201 W Auburn Avenue,"201 W Auburn Avenue, Bellefontaine, OH, 43311",Logan Cox,937-935-0058
"Marietta, OH Storage Units","741 1/2 Greene St, Marietta, OH, 45750",Jesse Joseph,740-525-3533
22 Fairlawn Avenue,"22 Fairlawn Avenue, Glouster, OH, 45732",Ally Rapp Lee,740-590-8998
126 W Tulane Road,"126 W Tulane Road, Columbus, OH, 43202",Judy Minister,614-325-8815
955 S High Street,"955 S High Street, Columbus, OH, 43206",Ajay Pandya,614-209-2261
641 N Walnut Street,"641 N Walnut Street, Logan, OH, 43138",Lory Kim,614-570-1352
431-433 E 14th Avenue,"431-433 E 14th Avenue, Columbus, OH, 43201",Zeke Liston,614-665-5793
2540-2542 Steele Avenue,"2540-2542 Steele Avenue, Columbus, OH, 43204",Scott Allen,614-698-1227
118 W Tulane Road,"118 W Tulane Road, Columbus, OH, 43202",Judy Minister,614-325-8815
660/682 N Millborne Road,"660/682 N Millborne Road, Wooster, OH, 44691",Darci Thomas,740-507-7452
13832 Fancher Road,"13832 Fancher Road, Johnstown, OH, 43031",Michael Riley,614-506-9197
1167 Franklin Avenue,"1167 Franklin Avenue, Columbus, OH, 43205",Kaleigh Chatfield,614-403-1499
723-725 S Chesterfield Road,"723-725 S Chesterfield Road, Columbus, OH, 43209",Matan Gutwaks,201-406-0860
469 N Prospect Street,"469 N Prospect Street, Marion, OH, 43302",Glen Whitten,419-790-3106
9254 Olde 8 Rd,"9254 Olde 8 Rd, Northfield, OH, 44067",Jeremy Bates,216-299-8799
1715-1717 S 4th Street,"1715-1717 S 4th Street, Columbus, OH, 43207",Mike Laemmle,614-312-0844
South St Apartments,"394 E South St, Akron, OH, 44311",Jon Caiazza,330-309-4766
90 Hurlburt Ave.,"90 Hurlburt Ave., Akron, OH, 44303",Katie Middendorf,330-697-5411
5117-5129 Lewis Avenue,"5117-5129 Lewis Avenue, Toledo, OH, 43612",Rob Keleghan,419-249-6323
32 Orel Avenue,"32 Orel Avenue, Columbus, OH, 43204",Elton Davis,614-537-7827
1630 N Pascal Road,"1630 N Pascal Road, Malta, OH, 43758",Gloria Henry,614-579-8889
4031 Hamilton Ave,"4031 Hamilton Ave, Cincinnati, OH, 45223",Joshua Rothstein,513-268-4453
1290 Mt Vernon Avenue,"1290 Mt Vernon Avenue, Columbus, OH, 43203",Rudy Stefanitsis,614-255-5588
1319 Ashland Rd,"1319 Ashland Rd, Mansfield, OH, 44905",Peter Peterson,419-566-8637
756 N Penn Avenue,"756 N Penn Avenue, Wellston, OH, 45692",Kelly Wiley,740-577-3795
162-164 N Sylvan Avenue,"162-164 N Sylvan Avenue, Columbus, OH, 43204",Trent Sky,614-917-7800
538-540 Seymour Avenue,"538-540 Seymour Avenue, Columbus, OH, 43205",Ranine Ailabouni,No Phone Number Available
132 Halliday Way,"132 Halliday Way, Washington Court House, OH, 43160",Amy Davis,937-402-0803
5628 OH-7,"5628 OH-7, Andover, OH, 44003",Shawni Marich,440-812-9493
1655 Mooberry Street,"1655 Mooberry Street, Columbus, OH, 43205",Columbus House Team,614-255-5588
0 Columbus Avenue,"0 Columbus Avenue, Washington Court House, OH, 43160",Steve Beaver,614-774-5692
Mandy's Lounge,"4703 Pearl Rd, Cleveland, OH, 44109",Lawrence Borosh,440-843-8088
169 E Arcadia Avenue,"169 E Arcadia Avenue, Columbus, OH, 43202",Shawn Hageman,614-582-8970
2383 Hiawatha Park Drive,"2383 Hiawatha Park Drive, Columbus, OH, 43211",Eva Hockenberry,704-859-2176
810-812 E 3rd Avenue,"810-812 E 3rd Avenue, Columbus, OH, 43201",Leslie Nelson,704-389-3969
1060-1062 Linwood Avenue,"1060-1062 Linwood Avenue, Columbus, OH, 43206",Michael Casey,614-478-2121
447&449 Main,"447&449 Main, St, Lima, OH, 45801",Judy Dickman,419-234-5961
1151/1153 Heyl Avenue,"1151/1153 Heyl Avenue, Columbus, OH, 43206",Travis Marko,740-827-9786
824 Oak Street,"824 Oak Street, Columbus, OH, 43205",Michael Casey,614-478-2121
0 Hobart Avenue,"0 Hobart Avenue, Logan, OH, 43138",Kyle Dilley,740-215-2407
0 Olive Street,"0 Olive Street, London, OH, 43140",Liz Finchum,No Phone Number Available
401 Stoddart Avenue,"401 Stoddart Avenue, Columbus, OH, 43205",Bill Haupt,614-255-5588
650 Chestnut Street,"650 Chestnut Street, Marysville, OH, 43040",Jim Wimmers,614-255-5588
32 Forry Street,"32 Forry Street, Newark, OH, 43055",Nancy Antwi,614-705-5838
241-243 Sexton Street,"241-243 Sexton Street, Struthers, OH, 44471",Michelle Demopolis,740-602-0126
1306-1308 Atcheson Street,"1306-1308 Atcheson Street, Columbus, OH, 43203",Kimberlee McClellan,800-933-1991
743 Campbell Avenue,"743 Campbell Avenue, Columbus, OH, 43222",Matt Ward,614-805-2231
69-69.5 Chicago Avenue,"69-69.5 Chicago Avenue, Columbus, OH, 43222",Burt Crimmel,614-778-2766
934-936 Ebner St.,"934-936 Ebner St, Columbus, OH, 43206",Vutech & Ruff,614-255-0600
0 E Copeland Road,"0 E Copeland Road, Stewart, OH, 45778",Rayna Morgan,614-218-6704
34 X 44 METAL POLE BARN ZONED COMMERCIAL WAREHOUSE,"170 S Perry St, Lima, OH, 45804",Hunter Joseph,419-296-5126
3288 W 52nd St,"3288 W 52nd St, Cleveland, OH, 44102",April Pillar,440-572-3100
1321 Studer Avenue,"1321 Studer Avenue, Columbus, OH, 43206",Elizabeth Schottle,614-323-1322
78-80 Latta Avenue,"78-80 Latta Avenue, Columbus, OH, 43205",Brandi Wade,614-946-6236
1225-1227 S Champion Avenue,"1225-1227 S Champion Avenue, Columbus, OH, 43206",Andrew Myers,614-554-1671
869 Delaware Avenue,"869 Delaware Avenue, Columbus, OH, 43215",Glen Whitten,419-790-3106
69-71 E 1st Avenue,"69-71 E 1st Avenue, Columbus, OH, 43201",Zeke Liston,614-665-5793
1273-1275 E 18th Avenue,"1273-1275 E 18th Avenue, Columbus, OH, 43211",Matthew Piper,614-406-5302
212 S Yale Avenue,"212 S Yale Avenue, Columbus, OH, 43222",Brian Stokes,614-255-5588
2389 Hiawatha Park Drive,"2389 Hiawatha Park Drive, Columbus, OH, 43211",Eva Hockenberry,704-859-2176
220 Parkwood Avenue,"220 Parkwood Avenue, Columbus, OH, 43203",Brittany Eddy,614-625-2831
"3917 Clybourne Ave, Cleveland, OH 44109","3917 Clybourne Ave, Cleveland, OH, 44109",Hanna Bhuller,216-299-9955
32530 Kelly Road,"32530 Kelly Road, Ray, OH, 45672",Michelle Karshner,740-649-8763
307-309 Wilson Avenue,"307-309 Wilson Avenue, Columbus, OH, 43205",Brianne Bahl,614-585-9020
"208 W 29th St, Lorain, OH 44055","208 W 29th St, Lorain, OH, 44055",Matthew Klein,216-785-2345
3456-3458 Race Street,"3456-3458 Race Street, Columbus, OH, 43204",John Saxton,614-561-1200
2100 Aberdeen Avenue,"2100 Aberdeen Avenue, Columbus, OH, 43211",Hasina Nelson,614-743-1884
464-466 N Garfield Avenue,"464-466 N Garfield Avenue, Columbus, OH, 43203",Jenna Andrews,614-424-1289
27 Smith Place,"27 Smith Place, Columbus, OH, 43201",Sean O'Neil,614-261-6767
1410 Indianola Avenue,"1410 Indianola Avenue, Columbus, OH, 43201",Matthew Brown,614-519-8689
1105 State Street,"1105 State Street, Steubenville, OH, 43952",Steven Wilson,248-294-7850
941-945 E Whittier Street,"941-945 E Whittier Street, Columbus, OH, 43206",Michael Casey,614-478-2121
13132 Pine Road,"13132 Pine Road, Thornville, OH, 43076",Carma Godby,614-255-5588
18805 Neff Rd,"18805 W Neff Rd, Cleveland, OH, 44119",Patrick Dowd,216-406-0476
246 - 248 W 4th Avenue,"246 - 248 W 4th Avenue, Columbus, OH, 43201",Susie Pattison,614-288-4287
2627 Waynesburg Dr. SE,"2627 Waynesburg Dr SE, Canton, 44707",Mike Boylan,330-704-5945
3244 E. 5th Ave,"3244 E 5th Ave, Columbus, OH, 43219",Brandon Sturgill,614-379-2017
423 State Street,"423 State Street, Zanesville, OH, 43701",Dennis Hitchcock,740-607-8085
401 N Detroit Street,"401 N Detroit Street, Bellefontaine, OH, 43311",Ryan Maguire,614-439-5427
1140 Weber Rd. / Wilden Woods Kennel,"1140 Weber Rd, Loveland, OH, 45140",Len Koogler,513-753-9660
2661 Osceola Avenue,"2661 Osceola Avenue, Columbus, OH, 43211",Brian Kelly,614-478-2121
251 Taylor Avenue,"251 Taylor Avenue, Columbus, OH, 43203",Katherine Niemet,740-816-1423
554 Barnett Road,"554 Barnett Road, Columbus, OH, 43213",Joyce Jones,614-778-9888
656 Oakwood Avenue,"656 Oakwood Avenue, Columbus, OH, 43205",Tondalaya Adiansingh,614-204-2382
242 Davis Road,"242 Davis Road, Mansfield, OH, 44907",Nicholas Chalton,614-315-8029
11254 Main Street,"11254 Main Street, Stoutsville, OH, 43154",Cathleen Campbell,740-466-5967
309 E Broad St,"309 E Broad St, Elyria, OH, 44035",william eddy,734-255-2433
1282-1284 Linwood Avenue,"1282-1284 Linwood Avenue, Columbus, OH, 43206",Buffie Patterson,614-325-1544
4745 Big Run South Road,"4745 Big Run South Road, Grove City, OH, 43123",Douglas McCloud,614-296-3902
1011 8th Avenue,"1011 8th Avenue, Lancaster, OH, 43130",Min Zhang,No Phone Number Available
5531 Worcester Drive,"5531 Worcester Drive, Columbus, OH, 43232",Thomas Fortin,614-348-7876
847 S Ogden Avenue,"847 S Ogden Avenue, Columbus, OH, 43204",Wendy Brown,614-419-7366
1411 N 5th Street,"1411 N 5th Street, Columbus, OH, 43201",Matthew Brown,614-519-8689
5 N 3rd Street,"5 N 3rd Street, Newark, OH, 43055",Kayleen Antritt,614-255-5588
885-887 E Main Street,"885-887 E Main Street, Logan, OH, 43138",Jennifer Wernert,614-255-5588
1670 Riverview Drive,"1670 Riverview Drive, Gallipolis, OH, 45631",Angela Zimmerman,304-857-8312
153 Hayden Avenue,"153 Hayden Avenue, Columbus, OH, 43222",Jodi St Clair,740-683-0178
2220 Sale Road,"2220 Sale Road, Columbus, OH, 43224",Eric Cliffel,614-547-2287
9829 Eagle Dr,"9829 Eagle Dr, Huntsville, OH, 43324",Jason & Cari Jo Parham,254-217-0243
Westside SFR Portfolio,"7212 Camden Ave, Cleveland, OH, 44102",Phil Rogers,440-572-3100
772 Fairwood Avenue,"772 Fairwood Avenue, Columbus, OH, 43205",Janene Parham,No Phone Number Available
2508 Deming Avenue,"2508 Deming Avenue, Columbus, OH, 43202",Joe Peffer,No Phone Number Available
2482 Deming Avenue,"2482 Deming Avenue, Columbus, OH, 43202",Adelaide Davis Holsinger,614-325-6776
1811 E Rich Street,"1811 E Rich Street, Columbus, OH, 43205",Rich Russo,614-937-8699
8469 Anthony Wayne,"8469 Anthony Wayne Ave, Cincinnati, OH, 45216",Ron Hill,513-200-3909
1287 Sullivant Avenue,"1287 Sullivant Avenue, Columbus, OH, 43223",Ibrahim Al-Hejazin,614-774-9523
498 W 2nd Street,"498 W 2nd Street, Logan, OH, 43138",Jennifer Wernert,614-255-5588
217 S Franklin Avenue,"217 S Franklin Avenue, Mansfield, OH, 44902",Eric Cliffel,614-547-2287
749-751 E Main Street,"749-751 E Main Street, Columbus, OH, 43205",Zeke Liston,614-665-5793
2406 Indianola Avenue,"2406 Indianola Avenue, Columbus, OH, 43202",Thomas Buoni,614-929-3372
637 S Wheatland Avenue,"637 S Wheatland Avenue, Columbus, OH, 43204",Jaime Barlow,614-493-8541
134 W Tulane Road,"134 W Tulane Road, Columbus, OH, 43202",Judy Minister,614-325-8815
266 Miller Avenue,"266 Miller Avenue, Columbus, OH, 43205",Kecia Frye,419-341-3376
110 Chicago Avenue,"110 Chicago Avenue, Columbus, OH, 43222",Burt Crimmel,614-778-2766
245-247 Crestview Road,"245-247 Crestview Road, Columbus, OH, 43202",Gerry O'Neil,614-255-5588
133 W Blake Avenue,"133 W Blake Avenue, Columbus, OH, 43202",Robert Tafrate,No Phone Number Available
327 Wood Street,"327 Wood Street, Pataskala, OH, 43062",Brian Thompson,614-374-1254
877-883 Gorge Boulevard,"887 Gorge Blvd, Akron, OH, 44310",Sam Tecca,330-722-5002
446 Mount Vernon Road,"446 Mount Vernon Road, Newark, OH, 43055",Timothy Cocanour,No Phone Number Available
1171 Big Falls Ave,"1171 Big Falls Ave, Akron, OH, 44310",debbi osborne,216-287-4890
Coshocton County Multi-Family Portfolio,"901 Chestnut St, Coshocton, OH, 43812",Doug Wilson,614-206-3881
118 W Tulane Road,"118 W Tulane Road, Columbus, OH, Columbus, OH, 43202",Judy Minister,614-325-8815
411 S Limestone Street,"411 S Limestone Street, Springfield, OH, 45505",Charlene Roberge,937-342-9995
"281 Lloyd Street Akron, OH 44301","281 Lloyd St, Akron, OH, 44301",Jessie Robinson,330-805-6670
445 Thurman Avenue,"445 Thurman Avenue, Columbus, OH, 43206",Eric Hammersmith,614-800-2300
64-66 Eaton Street,"64-66 Eaton Street, Delaware, OH, 43015",Trent Sky,614-917-7800
"1188 Rozelle Ave, East Cleveland, OH 44112","1188 Rozelle Ave, East Cleveland, OH, 44112",Michael Lewis,440-476-2322
907-909 Scott Street,"907-909 Scott Street, Columbus, OH, 43222",Johnathon Brunner,614-313-1253
3216 N High Street,"3216 N High Street, Columbus, OH, 43202",Robert Susey,614-880-0808
1633-1635 Greenway Avenue,"1633-1635 Greenway Avenue, Columbus, OH, 43203",Luana Antoniuk,614-787-2321
1113 S Ohio Avenue,"1113 S Ohio Avenue, Columbus, OH, 43206",Ben Jones,614-546-9514
2191 Lincoln Avenue,"2191 Lincoln Avenue, Lakewood, OH, 44107",Steven Wilson,248-294-7850
38-40 Clark Place,"38-40 Clark Place, Columbus, OH, 43201",John Mahon,614-354-1272
322 S Ohio Avenue,"322 S Ohio Avenue, Columbus, OH, 43205",Alex Kirke,614-664-7797
4106-4108 Larry Place,"4106-4108 Larry Place, Columbus, OH, 43227",Brandon Thompson,614-579-8064
90 Derrer Road,"90 Derrer Road, Columbus, OH, 43204",Ethel Lia Figueroa,614-354-5759
212 S Scioto Street,"212 S Scioto Street, Circleville, OH, 43113",Jeri Smith,740-248-9819
187 W Pacemont Road,"187 W Pacemont Road, Columbus, OH, 43202",Johnathon Brunner,614-313-1253
7749 County Road 40,"7749 County Road 40, Galion, OH, 44833",Mary Lou Bell,740-361-4597
"3202 Marvin Ave, Cleveland, OH 44109","3202 Marvin Ave, Cleveland, OH, 44109",Jeannette Charara,440-252-2777
733 W Oakland Avenue,"733 W Oakland Avenue, Washington Court House, OH, 43160",Jacob Rose,740-463-1130
250 S 18th Street,"250 S 18th Street, Columbus, OH, 43205",Sheryl Reitter,No Phone Number Available
288 E 12th Avenue,"288 E 12th Avenue, Columbus, OH, 43201",Michael Scotti,614-270-3745
"3846 Reading Road | 3 Unit Multifamily For Sale | $340,000","3846 Reading Rd, Cincinnati, OH, 45229",Tryfon Christoforou,513-745-9333
34-36 Midland Avenue,"34-36 Midland Avenue, Columbus, OH, 43223",Zeke Liston,614-665-5793
1206-1208 Franklin Avenue,"1206-1208 Franklin Avenue, Columbus, OH, 43205",Ryan Maguire,614-439-5427
119 Moull Street,"119 Moull Street, Newark, OH, 43055",Kelly Bethel,614-546-5909
1145 1151 S Champion Avenue,"1145 1151 S Champion Avenue, Columbus, OH, 43206",Brent Clevidence,No Phone Number Available
11951 Center Village Road,"11951 Center Village Road, Westerville, OH, 43082",Rob Pemberton,624-255-5588
263-265 Crestview Road,"263-265 Crestview Road, Columbus, OH, 43202",Kacey Wright,740-502-1467
980 Lafayette Rd,"980 Lafayette Rd, Medina, OH, 44256",Alan Hallock,330-722-3055
